ec5_uuid;created_at;1_TIme;2_NC;4_MS_Behavior;5_Contact;6_AR;7_3M;8_Notes;10_NH_Behavior;11_Contact;12_AR;13_3M;14_Notes;16_MN_Behavior;17_Contact;18_AR;19_3M;20_Notes;22_NY_Behavior;23_Contact;24_AR;25_3M;26_Notes;highlight
c7630417-7750-4af9-9b37-cd8b29a69be5;2025-04-16T00:33:32.000Z;09:33;;E;;;NH;;RS;;;MS;;GG;NY;;;;GR;MN;;;;
ebf0aa42-a003-48b9-9295-04151da3562d;2025-04-16T00:35:30.000Z;09:35;;E;;;NH;;RS;;;MS;;RS;;;;;RS;;;;;
301f936f-2be6-4cd3-bdd3-6f00d27f622f;2025-04-16T00:37:27.000Z;09:37;;E;;;NH;;RS;;;MS;;RS;;;;;M;;;;;
a2b04628-495d-4a6d-aa06-afbedb5b9bea;2025-04-16T00:39:55.000Z;09:39;;E;;;NH;;M;;;MS;;DS;;;;Towards cage c;RS;;;;;
c40920ad-2ebd-4413-98af-e730b1144a43;2025-04-16T00:41:55.000Z;09:41;;E;;NH, NY;MN;;RS;;MS;MN, NY;;GG;NY;MS;NH;;GR;MN;MS;NH;;
f3e5dfea-8396-4bf4-b44a-8a3d62935e7e;2025-04-16T00:44:28.000Z;09:43;;E;;;;;DS;;;;;RS;;;;Displayed pan hoot;RL;;;;;
b388a932-5026-4d93-87ee-001ce4237633;2025-04-16T00:45:50.000Z;09:45;;E;;;NY;;RS;;;;;RS;;;;;M;;;MS;;
c7609210-04a2-4934-968e-331c2e6d28d7;2025-04-16T00:47:22.000Z;09:47;;E;;;;;RS;;;;;RS;;;;;RL;;;;;red
cf801c18-4f71-45c7-9b93-fd752f9a3913;2025-04-16T00:49:15.000Z;09:49;Yes;E;;;;;RS;;;;;RS;;;;;RL;;;;;green
501816ee-0272-417c-b4d4-db1b378fa850;2025-04-16T00:51:11.000Z;09:50;Yes;E;;;;;RS;;;;;RS;;;;;RL;;;;;green
5e106da1-8d6b-4953-ba2a-373a38b0e26c;2025-04-16T00:53:18.000Z;09:53;Yes;E;;;;;RS;;;;;RS;;;;;RL;;;;;green
5a16761b-d18c-47d7-9cb5-d40306666c76;2025-04-16T00:55:33.000Z;09:55;;RS;;;;;GR;MN;;;;GG;NH;;;;RL;;;;;
b5abc0f1-f790-47cf-bea0-1a504f046122;2025-04-16T00:57:38.000Z;09:57;;RS;;;;;GM;MN;;;;GM;NH;;;;RL;;;;;red
17a9d3fc-6f80-4918-97f7-12acf9562d19;2025-04-16T00:59:17.000Z;09:59;Yes;RS;;;;;GM;MN;;;;GM;NH;;;;RL;;;;;green
49603aa0-077b-426e-b06e-09d550dc410c;2025-04-16T01:01:39.000Z;10:01;;RL;;;NH;;SD;;;MS;;M;;;;;RL;;;;;red
dab728ec-47b9-4dfc-a457-300fda2a9313;2025-04-16T01:03:20.000Z;10:03;Yes;RL;;;NH;;SD;;;MS;;M;;;;;RL;;;;;green
a327e5b5-607f-4444-9a4e-86e9a0994077;2025-04-16T01:05:07.000Z;10:05;Yes;RL;;;NH;;SD;;;MS;;M;;;;;RL;;;;;green
ce027d35-6dea-40d3-8b1a-f12cdbe50fb9;2025-04-16T01:08:00.000Z;10:07;;RL;;;NH;;RS;;;MS;;M;;NY;;;M;;MN;;;
d84ffa92-9fd9-4337-9620-2c55d4dfd47c;2025-04-16T01:09:54.000Z;10:09;;RL;;;NH;;RS;;;MS;;RS;;NY;;;M;;MN;;;
b84e410e-b1a5-4f3e-9ea6-6df6ac2e439e;2025-04-16T01:11:39.000Z;10:11;;RL;;;NH;;RS;;;MS;;SD;;;NY;;RS;;;MN;;red
369ed860-1a49-471c-b1db-ae842157355d;2025-04-16T01:13:16.000Z;10:13;Yes;RL;;;NH;;RS;;;MS;;SD;;;NY;;RS;;;MN;;green
8a4bdbf1-c8bd-4a98-a88f-348dd7f69e02;2025-04-16T01:15:37.000Z;10:14;;GR;MN;;NH;;RS;;;MN, MS;;GG;MS;;NH;;RS;;;;;
bb882607-53b3-4f24-91b6-7c2513cb8825;2025-04-16T01:18:25.000Z;10:17;;GR;MN;NH;;;RS;;MN, MS;;;GG;MS;NH;;;RS;;;;;red
d856607f-6e3c-4875-aeb8-c9f5e9460b97;2025-04-16T01:19:10.000Z;10:19;Yes;GR;MN;NH;;;RS;;MN, MS;;;GG;MS;NH;;;RS;;;;;green
ee1a8638-82db-4bdc-8a66-44b8aa9b33f3;2025-04-16T01:21:52.000Z;10:21;;GR;MN;;NH;;RL;;;MN, MS;;GG;MS;;NH;;RS;;;;;red
ed0cf21c-7e11-4352-9244-90ee25046a42;2025-04-16T01:23:32.000Z;10:23;Yes;GR;MN;;NH;;RL;;;MN, MS;;GG;MS;;NH;;RS;;;;;green
fe8e0371-0bcd-4846-92ba-d8cdb2f8cd53;2025-04-16T01:25:09.000Z;10:25;Yes;GR;MN;;NH;;RL;;;MN, MS;;GG;MS;;NH;;RS;;;;;green
26590f2f-5dd2-4918-86e2-4860238dfe6c;2025-04-16T01:27:46.000Z;10:27;;RS;;;NH;;RS;;;MS;;RS;;;NY;;RS;;;MN;;
7f3cc488-c2ac-4339-8f94-37c56247900d;2025-04-16T01:30:03.000Z;10:29;;M;;;;;RS;;;;;DS;;;;With stick towards cage c;M;;;;;
9e7f4adf-46b9-4050-90ff-ad45ab1c7ff0;2025-04-16T01:53:57.000Z;10:53;;M;;;;;AG;MN, NY;;;;AG;NH, NY;;;Ag towards ny;AG;NH, MN;;;;
1c807d5f-f6ee-4f99-8262-7093058d0410;2025-04-16T01:56:31.000Z;10:56;NO;RS;;;;All for of them displayed toward cage c;M;;;;;M;;;;;RL;;;;;
96b5bc45-609a-4e46-942d-899748f2e30b;2025-04-16T01:58:17.000Z;10:57;;DS;;;;;DS;;;MN, NY;;DS;;;NH, NY;;DS;;;NH, MN;All of them displayed toward cage c;
ff813c1d-5619-460a-aec6-ff3b486f19ae;2025-04-16T01:59:27.000Z;10:59;;RS;;;;;RS;;;MN;;SD;;;NH;;RS;;;;;
436694f7-439c-4953-8e57-85d27f8d94e7;2025-04-16T02:01:52.000Z;11:01;;RS;;;NH;;RS;;;MS;;RS;;;;;RS;;;;;
093468c4-ae83-46e9-8cfa-79496fa9c324;2025-04-16T02:03:34.000Z;11:03;;RL;;NH;;;RS;;MS;;;RS;;;;;RL;;;;;red
858119a9-8b2f-402b-8d07-6e93eb910c2c;2025-04-16T02:05:16.000Z;11:05;Yes;RL;;NH;;;RS;;MS;;;RS;;;;;RL;;;;;green
1ae8da86-b42b-4ec7-ad11-3f9d39d2fea4;2025-04-16T02:07:15.000Z;11:07;Yes;RL;;NH;;;RS;;MS;;;RS;;;;;RL;;;;;green
b866ef00-6ade-40bf-b757-75ba243e0c34;2025-04-16T02:09:35.000Z;11:09;;RS;;NH;;;RS;;MS;;;M;;;;;RL;;;;;red
90cc271f-9a73-43a1-96bf-0f7319bd60a1;2025-04-16T02:11:03.000Z;11:10;Yes;RS;;NH;;;RS;;MS;;;M;;;;;RL;;;;;green
0afb0986-89a7-49ce-b882-255b35529340;2025-04-16T02:13:38.000Z;11:13;Yes;RS;;NH;;;RS;;MS;;;M;;;;;RL;;;;;green
8d9ea1d9-dca5-4215-b41f-08a84740df91;2025-04-16T02:15:32.000Z;11:15;;RL;;NH;;;RS;;MS;;;M;;;;;M;;;;;
32d0e847-e0dd-444d-a3b8-25e1cce0b6bb;2025-04-16T02:17:22.000Z;11:16;;RL;;NH;;;SD;;MS;;;RS;;;;;RS;;;;;red
e4b5ed73-deb1-4091-bc50-07ed3dcbde4b;2025-04-16T02:18:24.000Z;11:18;Yes;RL;;NH;;;SD;;MS;;;RS;;;;;RS;;;;;green
ae00c76b-12eb-4451-8d9b-58357c17e7a5;2025-04-16T02:19:30.000Z;11:19;Yes;RL;;NH;;;SD;;MS;;;RS;;;;;RS;;;;;green
7fcc8536-5798-4533-8cfb-0a3f53a56d4c;2025-04-16T02:21:46.000Z;11:21;;RL;;;NH;;SD;;;MS;;RS;;;;;RS;;;;;red
9a865ea8-3434-4dfd-ad75-d327fa20f61b;2025-04-16T02:23:21.000Z;11:23;Yes;RL;;;NH;;SD;;;MS;;RS;;;;;RS;;;;;green
73d7ebc4-e556-4882-a95f-814a10670998;2025-04-16T02:25:31.000Z;11:25;;RL;;;NH;;RL;;;MS;;RS;;;;;RS;;;;;red
e77fb4cb-7ca8-42a7-96fa-fdbaf47055e0;2025-04-16T02:27:21.000Z;11:27;Yes;RL;;;NH;;RL;;;MS;;RS;;;;;RS;;;;;green
87e65d0f-da38-408f-97fd-21781822f93d;2025-04-16T02:29:03.000Z;11:28;Yes;RL;;;NH;;RL;;;MS;;RS;;;;;RS;;;;;green
eee8596e-4d21-42ce-9b8a-b0063d8998a5;2025-04-16T02:31:05.000Z;11:31;Yes;RL;;;NH;;RL;;;MS;;RS;;;;;RS;;;;;green
687451a2-280b-4825-9364-9cc35ec9fd13;2025-04-16T02:33:47.000Z;11:33;;RL;;;NH;;RS;;;MS;;RL;;;;;RS;;;;;red
b2b6c9b2-b726-48c4-84a2-15d8293c22c3;2025-04-16T02:35:09.000Z;11:35;Yes;RL;;;NH;;RS;;;MS;;RL;;;;;RS;;;;;green
d0fde775-0082-4a43-a8c5-0a661b39bb68;2025-04-16T02:37:03.000Z;11:36;Yes;RL;;;NH;;RS;;;MS;;RL;;;;;RS;;;;;green
7bc824fc-c91e-4cf9-bbc3-e09e88d970b8;2025-04-16T02:39:09.000Z;11:39;Yes;RL;;;NH;;RS;;;MS;;RL;;;;;RS;;;;;green
58b2fd7b-951c-48df-bfdc-af5534f67bcc;2025-04-16T02:41:55.000Z;11:41;;RS;;;;;M;;;;;RS;;;NY;;RS;;;MN;;
a4f0cb5a-f26e-4402-834a-ad98d292cfe1;2025-04-16T02:43:50.000Z;11:43;;M;;;;;RS;;;;;RS;;;NY;;RS;;;MN;;
f381887e-6660-4cd5-ae5a-824aa95dbd87;2025-04-16T02:45:24.000Z;11:45;;RS;;;;;RS;;;;;RS;;;NY;;RS;;;MN;;
baef0857-cca6-4d3f-a216-68b19bdc5705;2025-04-16T04:18:17.000Z;13:17;;E;;;NH, NY;;E;;;MS, NY;;RS;;;;;E;;;MS, NH;;
985096b4-f626-4f16-b161-b8b906f1e8c3;2025-04-16T04:20:01.000Z;13:19;;RS;;;;;E;;;MN, NY;;E;;;NH, NY;;E;;;NH, MN;;red
b8a43ae3-e197-41c7-8d21-42b50613c017;2025-04-16T04:21:31.000Z;13:21;Yes;RS;;;;;E;;;MN, NY;;E;;;NH, NY;;E;;;NH, MN;;green
dc30b4e4-e876-4d6a-90a0-fff45a75cbcf;2025-04-16T04:23:27.000Z;13:23;Yes;RS;;;;;E;;;MN, NY;;E;;;NH, NY;;E;;;NH, MN;;green
15913e89-f2d1-4a0a-add5-019c2885ca83;2025-04-16T04:25:34.000Z;13:25;Yes;RS;;;;;E;;;MN, NY;;E;;;NH, NY;;E;;;NH, MN;;green
c66feaea-130f-4ec1-a902-2f0edacef399;2025-04-16T04:27:57.000Z;13:27;;E;;;MN, NH, NY;;E;;;MN, MS, NY;;E;;;MS, NH, NY;;E;;;MS, NH, MN;;
2730d34e-2979-4e2f-90d2-26d376d225e0;2025-04-16T04:30:02.000Z;13:29;;E;;;;;E;;;;;E;;;;;E;;;;;
c929d9c3-869d-4d3f-be9b-67f4f666e27d;2025-04-16T04:31:43.000Z;13:31;;M;;;;;E;;;;;RS;;;;;M;;;;;
7b0f08cc-2b5a-4df6-8176-35c112a3a3da;2025-04-16T04:34:05.000Z;13:33;;E;;;;;E;;;MN, NY;;E;;;NH;;E;;;NH;;
fd5ab2d0-feb7-4974-afc2-61f33e811db9;2025-04-16T04:35:44.000Z;13:35;;RS;;;;;RS;;;;;E;;;;;E;;;;;
46ceb258-8d5e-4246-a4b1-2b26df7e7ba0;2025-04-16T04:37:57.000Z;13:37;;RL;;;;;RS;;;;;RS;;;;;RS;;;;;
c751d01e-2297-488d-9858-479c795bc07c;2025-04-16T04:39:38.000Z;13:39;;RL;;;;;RS;;;;;M;;;;;RL;;;;;
e4751524-fc79-438e-9585-cd79e5f8a5ae;2025-04-16T04:41:42.000Z;13:41;;RL;;;;;RS;;;;;RS;;;;;RL;;;;;red
df90280b-33c1-4681-abc9-25daf63c674d;2025-04-16T04:43:22.000Z;13:43;Yes;RL;;;;;RS;;;;;RS;;;;;RL;;;;;green
234d006a-e672-4d33-accd-35e0603b8701;2025-04-16T04:45:25.000Z;13:45;Yes;RL;;;;;RS;;;;;RS;;;;;RL;;;;;green
efbc8bc6-0248-4e19-a946-4557e6f0be9d;2025-04-16T04:47:21.000Z;13:47;Yes;RL;;;;;RS;;;;;RS;;;;;RL;;;;;green
0ac49196-28af-4274-9d9b-fa44ef68fd06;2025-04-16T04:49:29.000Z;13:49;Yes;RL;;;;;RS;;;;;RS;;;;;RL;;;;;green
44718ff4-dd9b-451d-a232-6a7f97d9f190;2025-04-16T04:51:31.000Z;13:51;Yes;RL;;;;;RS;;;;;RS;;;;;RL;;;;;green
490b13bc-1ca0-4ae9-804e-63d7115c94ef;2025-04-16T04:53:25.000Z;13:53;Yes;RL;;;;;RS;;;;;RS;;;;;RL;;;;;green
ca24c3d9-4910-4532-8fac-9d58ffa5ff7a;2025-04-16T04:55:36.000Z;13:55;Yes;RL;;;;;RS;;;;;RS;;;;;RL;;;;;green
0cccca72-7138-4a5f-8f9e-b67dfbade650;2025-04-16T04:57:34.000Z;13:57;Yes;RL;;;;;RS;;;;;RS;;;;;RL;;;;;green
a86c6bbe-fc0e-4c63-adec-fb6239799b5d;2025-04-16T04:59:54.000Z;13:59;;RL;;;;;E;;MN;;;E;;NH;;;RL;;;;;red
34b0537e-c941-45ac-85e7-8e4a7eabeed4;2025-04-16T05:01:23.000Z;14:01;Yes;RL;;;;;E;;MN;;;E;;NH;;;RL;;;;;green
ef8c8d6b-29a3-498e-9c04-1de763eb36aa;2025-04-16T05:03:34.000Z;14:03;Yes;RL;;;;;E;;MN;;;E;;NH;;;RL;;;;;green
82fd8a8c-f15a-47eb-bb1d-a6ec1c3adf51;2025-04-16T05:05:30.000Z;14:05;Yes;RL;;;;;E;;MN;;;E;;NH;;;RL;;;;;green
9312f2b0-468c-4d02-a5e8-250bfb1eb6e7;2025-04-16T05:07:29.000Z;14:07;Yes;RL;;;;;E;;MN;;;E;;NH;;;RL;;;;;green
ca2145de-5424-4050-bf09-2798906e38c4;2025-04-16T05:09:34.000Z;14:09;Yes;RL;;;;;E;;MN;;;E;;NH;;;RL;;;;;green
10386e9b-3c82-4604-95bd-1edf87e3e3e0;2025-04-16T05:11:54.000Z;14:11;;RL;;;;;E;;;MN;;E;;;NH;;RL;;;;;red
2df9ce47-3ebc-4dcc-87e3-1bd5b0616281;2025-04-16T05:13:32.000Z;14:13;Yes;RL;;;;;E;;;MN;;E;;;NH;;RL;;;;;green
9c6d14fe-65fc-4bed-badb-7cae40a32b08;2025-04-16T05:15:39.000Z;14:15;Yes;RL;;;;;E;;;MN;;E;;;NH;;RL;;;;;green
8d5cde0c-0920-47c7-8c82-5d641c9513b8;2025-04-16T05:17:28.000Z;14:17;Yes;RL;;;;;E;;;MN;;E;;;NH;;RL;;;;;green
46116836-926f-4e20-a29e-d64b6ffcb8a4;2025-04-16T05:19:51.000Z;14:19;;RL;;;;;E;;;;;M;;;;;RL;;;;;
910539f1-8f5e-49bf-8b1f-1e5616c2f024;2025-04-16T05:21:42.000Z;14:21;;RL;;;;;E;;;;;RS;;;;;RS;;;;;red
f3a405f1-0b51-491e-996f-660f3b0a7b10;2025-04-16T05:23:24.000Z;14:23;Yes;RL;;;;;E;;;;;RS;;;;;RS;;;;;green
b84a9e42-7d3a-4041-b5cf-3d26cca67b0b;2025-04-16T05:25:30.000Z;14:25;Yes;RL;;;;;E;;;;;RS;;;;;RS;;;;;green
aaba7a1b-1e8b-4d37-bafe-22c163b47303;2025-04-16T05:27:26.000Z;14:27;Yes;RL;;;;;E;;;;;RS;;;;;RS;;;;;green
385a404b-2f09-4b56-9c68-a9c0618bd490;2025-04-16T05:29:55.000Z;14:29;;RS;;;NY;;RS;;;;;RS;;;;;M;;;MS;;
0e91bf27-7d0a-4774-94e5-e927204421c8;2025-04-16T05:32:20.000Z;14:31;;RS;;;NH, NY;;GM;NY;;MS;;RS;;;;;GR;NH;;MS;;
76cef9e0-895d-4428-930a-7144584637b6;2025-04-16T05:34:11.000Z;14:33;;RL;;;NH, NY;;GG;NY;;MS;;RS;;;;;GR;NH;;MS;;red
ea66b2bb-b49b-4a30-976c-a662b420b580;2025-04-16T05:35:22.000Z;14:35;Yes;RL;;;NH, NY;;GG;NY;;MS;;RS;;;;;GR;NH;;MS;;green
33bf8845-deca-4dac-be5d-18eff67081d3;2025-04-16T05:37:26.000Z;14:37;Yes;RL;;;NH, NY;;GG;NY;;MS;;RS;;;;;GR;NH;;MS;;green
c32ae66b-2b85-464d-b788-afd066b4e9ed;2025-04-16T05:39:31.000Z;14:39;Yes;RL;;;NH, NY;;GG;NY;;MS;;RS;;;;;GR;NH;;MS;;green
7fad3c66-d8f6-42fe-8ea1-5d7084c728c7;2025-04-16T05:41:27.000Z;14:41;Yes;RL;;;NH, NY;;GG;NY;;MS;;RS;;;;;GR;NH;;MS;;green
7e779746-78fe-4251-98af-7c179e562ba0;2025-04-16T05:44:07.000Z;14:43;;RS;;;;;GG;NY;;MN;;RS;;;NH, NY;;GR;NH;;MN;;
129013aa-27cd-4873-8e4d-c769f1feb32a;2025-04-16T05:46:02.000Z;14:45;;RS;;;;;GG;NY;MN;;;GM;NY;NH;;;GR;MN;NH;;;
54bbcadb-32db-4f6f-8e20-2f6db2560243;2025-04-17T00:32:39.000Z;09:31;;E;;;MN;;M;;;;;SD;;;MS;;RL;;;;;
8b7d25bc-e9e6-495c-aad8-37a21b7a1e69;2025-04-17T00:34:34.000Z;09:33;;E;;;MN, NH;;E;;;MS, MN;;RS;;;MS, NH;;RS;;;;;
4554943f-13ef-4b0c-82b6-37f0234e9878;2025-04-17T00:36:29.000Z;09:35;;E;;NH;MN;;E;;MS;MN;;RS;;;MS, NH;;RS;;;;;red
bde3c4ef-60e4-4a84-bd2a-be71588f034b;2025-04-17T00:38:15.000Z;09:37;Yes;E;;NH;MN;;E;;MS;MN;;RS;;;MS, NH;;RS;;;;;green
31523325-f85a-4127-b8b3-ab1e38cc08c0;2025-04-17T00:40:03.000Z;09:39;Yes;E;;NH;MN;;E;;MS;MN;;RS;;;MS, NH;;RS;;;;;green
bb7d760e-541f-410c-86c5-f8c98fa5fabe;2025-04-17T00:42:11.000Z;09:41;Yes;E;;NH;MN;;E;;MS;MN;;RS;;;MS, NH;;RS;;;;;green
cf638afe-cda9-483c-be30-67b120b73e10;2025-04-17T00:44:34.000Z;09:43;;RS;;;NH;;RS;;;MS;;M;;;;;M;;;;;
ed9ec21b-cfb0-4558-89f6-be810ccac9f4;2025-04-17T00:46:18.000Z;09:45;;RL;;;NH;;RS;;;MS;;RS;;;;;RS;;;;;red
7559084b-d780-4507-80f0-324901094bef;2025-04-17T00:48:03.000Z;09:47;Yes;RL;;;NH;;RS;;;MS;;RS;;;;;RS;;;;;green
9eb85504-d16c-4d0d-bb0c-bcdcc52e0a39;2025-04-17T00:49:59.000Z;09:49;Yes;RL;;;NH;;RS;;;MS;;RS;;;;;RS;;;;;green
b53b6f36-6c69-4bd8-bbf3-fc75b7423322;2025-04-17T00:51:59.000Z;09:51;Yes;RL;;;NH;;RS;;;MS;;RS;;;;;RS;;;;;green
0d7903c8-9c4e-40a5-9855-e3c76dec5ad5;2025-04-17T00:54:02.000Z;09:53;Yes;RL;;;NH;;RS;;;MS;;RS;;;;;RS;;;;;green
a1d26657-0892-489f-94ad-e95fca6bbbed;2025-04-17T00:56:00.000Z;09:55;Yes;RL;;;NH;;RS;;;MS;;RS;;;;;RS;;;;;green
57af0c56-b2f4-46ed-b6dc-1fed9e65ca15;2025-04-17T00:57:56.000Z;09:57;Yes;RL;;;NH;;RS;;;MS;;RS;;;;;RS;;;;;green
b6ae7d31-651f-4bfe-bbf8-ab59fed0755a;2025-04-17T01:00:33.000Z;10:00;;RS;;;NH;;RS;;;MS;;E;;;;;RS;;;;;red
5e94f250-bee8-4e56-afbd-e829f336b4a2;2025-04-17T01:01:55.000Z;10:01;Yes;RS;;;NH;;RS;;;MS;;E;;;;;RS;;;;;green
89ef79ee-17b8-4a6d-9081-e978e22445fa;2025-04-17T01:04:32.000Z;10:03;;E;;;;;GM;MN;;;;GM;NH;;;;RS;;;;;red
149761ca-b6f0-4cb2-aada-c50836ee945f;2025-04-17T01:06:04.000Z;10:06;Yes;E;;;;;GM;MN;;;;GM;NH;;;;RS;;;;;green
b0fd2264-7cbd-44ab-a21d-3db16ef197e7;2025-04-17T01:07:56.000Z;10:07;Yes;E;;;;;GM;MN;;;;GM;NH;;;;RS;;;;;green
3fa06eba-5f0a-48ca-be11-4b867f33fe26;2025-04-17T01:10:17.000Z;10:09;;RS;;;;;GM;MN;;;;GM;NH;;;;M;;;;;
ba16e11e-0eae-49c9-b163-f7427989a13e;2025-04-17T01:12:14.000Z;10:11;;RS;;;NH;;RS;;;MS;;RS;;;;;RL;;;;;red
7f4c023f-214d-4829-8b11-4173a98c2428;2025-04-17T01:13:55.000Z;10:13;Yes;RS;;;NH;;RS;;;MS;;RS;;;;;RL;;;;;green
f8630ff5-6a6a-472a-ae18-f76cc638d7ad;2025-04-17T01:16:02.000Z;10:15;Yes;RS;;;NH;;RS;;;MS;;RS;;;;;RL;;;;;green
d8a91424-0a2f-4c9d-821e-50a40cf79c91;2025-04-17T01:17:58.000Z;10:17;Yes;RS;;;NH;;RS;;;MS;;RS;;;;;RL;;;;;green
578b6b36-923b-4fb0-a766-3f648a0c3504;2025-04-17T01:20:20.000Z;10:19;;RL;;;;;RL;;;;;RS;;;;;RL;;;;;red
bb86bfa2-db96-48e1-b325-38794b0c6ad4;2025-04-17T01:21:59.000Z;10:21;Yes;RL;;;;;RL;;;;;RS;;;;;RL;;;;;green
a4cf7f8a-b92b-4faa-b7ef-b11f9752fc9f;2025-04-17T01:24:06.000Z;10:23;Yes;RL;;;;;RL;;;;;RS;;;;;RL;;;;;green
f7eb3cc6-1f3d-4132-aa1b-049df245c8ac;2025-04-17T01:26:07.000Z;10:25;Yes;RL;;;;;RL;;;;;RS;;;;;RL;;;;;green
36b01b9e-57b7-4090-a976-61713422708e;2025-04-17T01:27:55.000Z;10:27;Yes;RL;;;;;RL;;;;;RS;;;;;RL;;;;;green
8ddd1066-d0a1-4219-8a3d-501752c00030;2025-04-17T01:29:57.000Z;10:29;Yes;RL;;;;;RL;;;;;RS;;;;;RL;;;;;green
8148c42f-c181-4c55-8c42-612183115446;2025-04-17T01:46:31.000Z;10:45;;GR;MN;;;;SD;;;;;GG;MS;;;;RL;;;;;
643c4aa7-0d0a-4087-8e84-ec4dae9a196c;2025-04-17T01:48:37.000Z;10:48;;RS;;;MN;;RS;;;;;RS;;;MS;;RL;;;;;
e2cdd2d7-3c92-4246-87a1-290dc36ad12e;2025-04-17T01:50:25.000Z;10:49;;RS;;;MN;;RS;;;;;SD;;;MS;;RS;;;;;
35ab751e-8d8c-4677-808c-25971d07b7a7;2025-04-17T01:52:18.000Z;10:51;;RS;;;NH;;RS;;;MS;;RS;;;;;RS;;;;;red
b8b4a72f-7c01-4245-aabb-4e3196fe8af8;2025-04-17T01:54:03.000Z;10:53;Yes;RS;;;NH;;RS;;;MS;;RS;;;;;RS;;;;;green
eb323a1a-6890-472b-bd3c-a4b2d035bef8;2025-04-17T01:55:59.000Z;10:55;Yes;RS;;;NH;;RS;;;MS;;RS;;;;;RS;;;;;green
006171d8-004e-469c-9ca5-be8dc3e3b5b2;2025-04-17T01:58:25.000Z;10:57;;RS;;;NH;;RL;;;MS;;RS;;;;;RS;;;;;red
1e972c66-7285-44cc-b09d-36eca4e1c888;2025-04-17T02:00:03.000Z;10:59;Yes;RS;;;NH;;RL;;;MS;;RS;;;;;RS;;;;;green
0fa5f630-0f01-44d3-864e-9373c277f8b1;2025-04-17T02:02:23.000Z;11:01;;RS;;NH;;;RL;;MS;;;RS;;;;;RS;;;;;red
e620464e-566c-411a-9063-a71cc609051c;2025-04-17T02:03:57.000Z;11:03;Yes;RS;;NH;;;RL;;MS;;;RS;;;;;RS;;;;;green
230efd16-e70a-43ff-894d-8dcd335d0ce5;2025-04-17T02:05:59.000Z;11:05;Yes;RS;;NH;;;RL;;MS;;;RS;;;;;RS;;;;;green
d6c3f141-5aef-4653-bf0b-f95e404e83c2;2025-04-17T02:08:31.000Z;11:07;;RL;;;NH;;RS;;;MS;;RS;;;;;RS;;;;;red
13e98057-13e7-4bbe-aa73-39dfa51bc93a;2025-04-17T02:09:59.000Z;11:09;Yes;RL;;;NH;;RS;;;MS;;RS;;;;;RS;;;;;green
6041f9e9-80a7-4dea-974e-9637d0062f5b;2025-04-17T02:12:17.000Z;11:12;Yes;RL;;;NH;;RS;;;MS;;RS;;;;;RS;;;;;green
ed2c63ac-d2f1-49c4-88aa-1b60495cf57c;2025-04-17T02:14:08.000Z;11:14;Yes;RL;;;NH;;RS;;;MS;;RS;;;;;RS;;;;;green
53a638ef-2468-4e29-a0a8-a5a9c0a46cd0;2025-04-17T02:16:22.000Z;11:15;;RL;;;NH;;RS;;;MS;;SD;;;;;RL;;;;;red
f3da612a-94ef-486f-a91d-aa4a223b7dcd;2025-04-17T02:18:00.000Z;11:17;Yes;RL;;;NH;;RS;;;MS;;SD;;;;;RL;;;;;green
768d0430-f7ea-4575-9c6c-28d3bdec75d9;2025-04-17T02:20:03.000Z;11:19;Yes;RL;;;NH;;RS;;;MS;;SD;;;;;RL;;;;;green
3e7d2e8a-e9a9-4d17-ae6a-1a5501f76ee4;2025-04-17T02:21:54.000Z;11:21;Yes;RL;;;NH;;RS;;;MS;;SD;;;;;RL;;;;;green
ed61e070-7362-4c70-9c17-d0597db1a625;2025-04-17T02:24:45.000Z;11:24;;RL;;;NH;;RS;;;MS;;RS;;;;;RL;;;;;red
4592a964-b0e6-4658-b7ee-02f16d62e1be;2025-04-17T02:26:18.000Z;11:26;Yes;RL;;;NH;;RS;;;MS;;RS;;;;;RL;;;;;green
b54a1a44-3f1d-44ba-9cc6-93b7bef31228;2025-04-17T02:28:04.000Z;11:27;Yes;RL;;;NH;;RS;;;MS;;RS;;;;;RL;;;;;green
d6f4d9a3-2888-4490-b6be-99084e4256c8;2025-04-17T02:30:03.000Z;11:29;Yes;RL;;;NH;;RS;;;MS;;RS;;;;;RL;;;;;green
f02933d3-e64b-4a1b-ad9f-970606e9a1a5;2025-04-17T02:32:34.000Z;11:32;;RL;;;NH, NY;;RL;;;MS, NY;;RS;;;;;RS;;;MS, NH;;
9cd1ba0b-8667-4102-92ab-56f364d0a65b;2025-04-17T02:34:09.000Z;11:33;;RL;;;NH;;RL;;;MS;;RS;;;;;RS;;;;;red
67ad576d-641c-474f-ae6a-dfce6ca06cb2;2025-04-17T02:36:02.000Z;11:35;Yes;RL;;;NH;;RL;;;MS;;RS;;;;;RS;;;;;green
f7bf986c-752a-4939-84bc-01fa8f35ebf3;2025-04-17T02:38:01.000Z;11:37;Yes;RL;;;NH;;RL;;;MS;;RS;;;;;RS;;;;;green
df54bd6e-9155-4bb9-9f4d-7603db2bb6e3;2025-04-17T02:39:54.000Z;11:39;Yes;RL;;;NH;;RL;;;MS;;RS;;;;;RS;;;;;green
6dd096a2-e489-4623-be40-a5338c5dbc07;2025-04-17T02:41:59.000Z;11:41;Yes;RL;;;NH;;RL;;;MS;;RS;;;;;RS;;;;;green
01562af3-989a-4871-8779-75bf41fd9d18;2025-04-17T02:44:24.000Z;11:43;;RL;;;NH;;RL;;;MS;;RS;;;;;RL;;;;;red
a704b7b4-3a98-447b-8c67-95cfaae01312;2025-04-17T02:45:56.000Z;11:45;Yes;RL;;;NH;;RL;;;MS;;RS;;;;;RL;;;;;green
35a5e352-c227-4856-9774-868bc60ed2e5;2025-04-17T04:19:50.000Z;13:19;;E;;;NH, NY;;E;;;MS, NY;;E;;;;;E;;;MS, NH;;red
1549c22f-b7d5-4c01-af24-ab2f99aeaa5c;2025-04-17T04:21:27.000Z;13:21;Yes;E;;;NH, NY;;E;;;MS, NY;;E;;;;;E;;;MS, NH;;green
27bd9535-aa82-43a9-9e2a-34772657dab4;2025-04-17T04:23:08.000Z;13:23;Yes;E;;;NH, NY;;E;;;MS, NY;;E;;;;;E;;;MS, NH;;green
17f4d5bd-7ed6-4c2f-9995-4ff252cf14e0;2025-04-17T04:25:28.000Z;13:25;Yes;E;;;NH, NY;;E;;;MS, NY;;E;;;;;E;;;MS, NH;;green
57b8710a-b1c5-4bce-a2d6-de001959ac65;2025-04-17T04:27:17.000Z;13:27;Yes;E;;;NH, NY;;E;;;MS, NY;;E;;;;;E;;;MS, NH;;green
ef225418-c1ee-4363-b3d8-01932ecc4b2c;2025-04-17T04:29:51.000Z;13:29;;RS;;;;;E;;;NY;;E;;;;;E;;;NH;;red
fffa4e3e-cb82-43a0-858a-e363f388fcb2;2025-04-17T04:31:09.000Z;13:31;Yes;RS;;;;;E;;;NY;;E;;;;;E;;;NH;;green
acae5e16-7a32-4d7e-9131-8af29225f01f;2025-04-17T04:33:42.000Z;13:33;;E;;;;;E;;;NY;;M;;;;;E;;;NH;;
c29631b1-34a5-4895-bed5-f831a88022b1;2025-04-17T04:35:42.000Z;13:35;;E;;;;;E;;;NY, MN;;RS;;;NH;;E;;;NH;;red
bc185726-f8f2-41f4-ab7c-d532ca521f0d;2025-04-17T04:37:09.000Z;13:37;Yes;E;;;;;E;;;NY, MN;;RS;;;NH;;E;;;NH;;green
2be8e92e-9696-4e03-9217-7915dab59b83;2025-04-17T04:39:29.000Z;13:39;;RL;;;;;RS;;;;;RS;;;;;RS;;;;;
df16cead-0d7a-41a0-b154-704d29d2c194;2025-04-17T04:41:37.000Z;13:41;;RS;;;;;RS;;;;;RS;;;;;RS;;;;;red
a15d965f-8691-431b-917c-ff5746cb6ae6;2025-04-17T04:43:13.000Z;13:43;Yes;RS;;;;;RS;;;;;RS;;;;;RS;;;;;green
cf1f7331-162d-41f3-a0ef-fba418b51415;2025-04-17T04:45:05.000Z;13:44;Yes;RS;;;;;RS;;;;;RS;;;;;RS;;;;;green
bd78acdd-3c7a-40fe-909a-bb4421e02d5d;2025-04-17T04:47:11.000Z;13:47;Yes;RS;;;;;RS;;;;;RS;;;;;RS;;;;;green
8ba143e6-b9a4-4af7-a4b2-77508c688b27;2025-04-17T04:49:11.000Z;13:49;Yes;RS;;;;;RS;;;;;RS;;;;;RS;;;;;green
5e1e99fc-e178-4007-bb7f-c4e01eb68703;2025-04-17T04:51:07.000Z;13:51;Yes;RS;;;;;RS;;;;;RS;;;;;RS;;;;;green
0c09820e-ed83-452c-9b55-c65eda27e023;2025-04-17T04:53:17.000Z;13:53;Yes;RS;;;;;RS;;;;;RS;;;;;RS;;;;;green
71cd7230-0d83-418a-881f-fe82d5003988;2025-04-17T04:55:36.000Z;13:54;;RS;;;;;RS;;;;;RS;;;;;RS;;;;;red
f3bef929-62cb-4818-8cdb-ad642a4b67ba;2025-04-17T04:57:23.000Z;13:57;Yes;RS;;;;;RS;;;;;RS;;;;;RS;;;;;green
79599a43-15dc-4ded-a108-f18443250d97;2025-04-17T04:59:11.000Z;13:59;Yes;RS;;;;;RS;;;;;RS;;;;;RS;;;;;green
0995e710-7552-4b15-b7d0-e78a8fb27ffb;2025-04-17T05:01:13.000Z;14:01;Yes;RS;;;;;RS;;;;;RS;;;;;RS;;;;;green
f40a88c8-ea32-4c6e-8ffd-72b6a945dfb9;2025-04-17T05:03:14.000Z;14:03;Yes;RS;;;;;RS;;;;;RS;;;;;RS;;;;;green
a07ac496-508c-4f25-a371-5290caed37fe;2025-04-17T05:05:19.000Z;14:05;Yes;RS;;;;;RS;;;;;RS;;;;;RS;;;;;green
8efccbf0-de6a-4cb8-b297-29a789f57710;2025-04-17T05:07:07.000Z;14:07;Yes;RS;;;;;RS;;;;;RS;;;;;RS;;;;;green
fd8b91b0-496a-4e82-a523-e7f16753229a;2025-04-17T05:09:10.000Z;14:09;Yes;RS;;;;;RS;;;;;RS;;;;;RS;;;;;green
d6beb9df-2a49-48e1-8978-b4df3cf2c69c;2025-04-17T05:11:08.000Z;14:11;Yes;RS;;;;;RS;;;;;RS;;;;;RS;;;;;green
08fbe189-2954-4f44-9772-6e3347536969;2025-04-17T05:13:50.000Z;14:13;;RS;;;;;RS;;MN, NY;;;GM;NY;NH;;;GM;MN;NH;;;
febbe081-ceda-4820-bedb-8b354eeee14e;2025-04-17T05:15:37.000Z;14:15;;RS;;;;;GG;MN;NY;;;GM;NH, NY;;;;GM;MN;NH;;;
addaf0d8-585c-4e9d-b826-c6e4b553f74c;2025-04-17T05:18:13.000Z;14:17;;RS;;;;;RS;;MN, NY;;;GM;NY;;;;GM;MN;;;;red
25720423-a1f4-410c-bdf4-7e8dd2c65784;2025-04-17T05:19:32.000Z;14:19;Yes;RS;;;;;RS;;MN, NY;;;GM;NY;;;;GM;MN;;;;green
c89398c4-a42d-40a8-b2f2-713bfb1aaa41;2025-04-17T05:21:11.000Z;14:21;Yes;RS;;;;;RS;;MN, NY;;;GM;NY;;;;GM;MN;;;;green
d8ea1d28-bba0-4eda-b6bd-06209af53426;2025-04-17T05:23:09.000Z;14:23;Yes;RS;;;;;RS;;MN, NY;;;GM;NY;;;;GM;MN;;;;green
acf45fd4-21d1-4992-884d-13fdda76e34f;2025-04-17T05:25:12.000Z;14:25;Yes;RS;;;;;RS;;MN, NY;;;GM;NY;;;;GM;MN;;;;green
9ceb7744-8895-4119-afe5-652c59faadf5;2025-04-17T05:27:13.000Z;14:27;Yes;RS;;;;;RS;;MN, NY;;;GM;NY;;;;GM;MN;;;;green
26994204-5690-4f23-8559-3fef73217b25;2025-04-17T05:29:07.000Z;14:29;Yes;RS;;;;;RS;;MN, NY;;;GM;NY;;;;GM;MN;;;;green
afd88103-00cd-4074-adff-3ca381261922;2025-04-17T05:31:13.000Z;14:31;Yes;RS;;;;;RS;;MN, NY;;;GM;NY;;;;GM;MN;;;;green
64ee09ff-042c-475e-ac31-b818932d2070;2025-04-17T05:33:07.000Z;14:33;Yes;RS;;;;;RS;;MN, NY;;;GM;NY;;;;GM;MN;;;;green
fafaa0d5-c838-482f-9201-115f3fb871fb;2025-04-17T05:35:50.000Z;14:35;;RL;;;;;RL;;NY, MN;;;GM;NY;NH;;;GM;MN;NH;;;red
4374a351-4737-49cf-b77e-076fedf1f69b;2025-04-17T05:37:07.000Z;14:37;Yes;RL;;;;;RL;;NY, MN;;;GM;NY;NH;;;GM;MN;NH;;;green
936fa50d-da5c-425d-8756-aa5594ccb315;2025-04-17T05:39:19.000Z;14:39;Yes;RL;;;;;RL;;NY, MN;;;GM;NY;NH;;;GM;MN;NH;;;green
f01b9606-a535-4c4a-834f-f7659f6475b8;2025-04-17T05:41:41.000Z;14:41;;PL;;NY;;;GM;MN;;;;GM;NH;;;;PL;;MS;;;red
58fdb113-e1c0-46b2-9524-83bac0a49ced;2025-04-17T05:43:03.000Z;14:42;Yes;PL;;NY;;;GM;MN;;;;GM;NH;;;;PL;;MS;;;green
03dcc078-50d5-46be-81f2-e4dc74f0001e;2025-04-17T05:45:09.000Z;14:44;Yes;PL;;NY;;;GM;MN;;;;GM;NH;;;;PL;;MS;;;green
bb2119fe-e04b-4d89-aebd-f3555bb21629;2025-04-30T00:34:07.000Z;09:32;;E;;;NH;;E;;;MS;;E;;;NY;;E;;;MN;;red
ccb240db-28b6-4d6c-be6b-ad95ccc52839;2025-04-30T00:34:19.000Z;09:34;Yes;E;;;NH;;E;;;MS;;E;;;NY;;E;;;MN;;green
5a4a2e95-db1e-4fda-89d5-1ad3137ce7dc;2025-04-30T00:36:32.000Z;09:36;;E;;;NH;;E;;;MS;;M;;;;;M;;;;;
3cbe8699-49a1-4c71-9866-d6ad41f3dde7;2025-04-30T00:38:44.000Z;09:38;;E;;NH;;;E;;MS;;;RS;;;;;E;;;;;red
dd5a06e7-31a1-4707-b72e-2f319fb27833;2025-04-30T00:40:27.000Z;09:40;Yes;E;;NH;;;E;;MS;;;RS;;;;;E;;;;;green
35d69f18-e7e1-4ddb-ac39-f03c650f95d8;2025-04-30T00:42:51.000Z;09:42;;RS;;;NH;;E;;;MS;;M;;;;;RS;;;;;
b4b7758f-8765-4526-a23b-85bd4bd46f58;2025-04-30T00:44:42.000Z;09:44;;RS;;;;;M;;;;;RS;;;;;RL;;;;;
e63e79fa-8207-4dbf-ae48-f8d4186cfbe9;2025-04-30T00:46:46.000Z;09:46;;RS;;;;;M;;;;;RS;;;;;E;;;;;
b6733f6b-ba90-4913-8c83-a2f170d8fd1a;2025-04-30T00:48:32.000Z;09:48;;RS;;;;;RS;;;;;RS;;;;;RS;;;;;
4d84827d-c144-4a0d-8ad1-ea2848f1ef2e;2025-04-30T00:51:00.000Z;09:50;;RS;;;;;RS;;;;;RS;;;;;RS;;;;;
800d7957-6306-4957-9296-1aa9cd8908c5;2025-04-30T00:52:44.000Z;09:52;;M;;;;;M;;;;;RS;;;;;RL;;;;;
b4a9834e-c979-41ea-9db3-3f14896d9ab5;2025-04-30T00:54:54.000Z;09:54;;RS;;NH, MN;;;RS;;MS;MN;;RS;;MS;NH;;RL;;;;;
2488e0ba-bd6d-4157-bb6c-b7ea69b99541;2025-04-30T00:57:23.000Z;09:56;;GG;NH;;MN;;GR;MS;;MN;;RS;;;NH, MS;;RL;;;;;red
702908c7-482d-437b-b188-7fa7be71c407;2025-04-30T00:58:22.000Z;09:58;Yes;GG;NH;;MN;;GR;MS;;MN;;RS;;;NH, MS;;RL;;;;;green
ea3e4910-3732-4fce-85ea-548cf1236fb1;2025-04-30T01:00:21.000Z;10:00;Yes;GG;NH;;MN;;GR;MS;;MN;;RS;;;NH, MS;;RL;;;;;green
dd0790d0-3867-4b6e-9b8d-c6d29ac25918;2025-04-30T01:02:25.000Z;10:02;Yes;GG;NH;;MN;;GR;MS;;MN;;RS;;;NH, MS;;RL;;;;;green
b63d3f31-d579-41db-916f-fd60bb213a08;2025-04-30T01:04:22.000Z;10:04;Yes;GG;NH;;MN;;GR;MS;;MN;;RS;;;NH, MS;;RL;;;;;green
f34d2f5f-418e-4ce7-8547-e23ba499034d;2025-04-30T01:07:07.000Z;10:06;;RS;NH;;;;RL;MS;;;;RS;;;;;RL;;;;;
1633cc6d-7444-45df-bae9-a1296ff55643;2025-04-30T01:08:58.000Z;10:08;;RS;;;NH;;RS;;;MS;;DS;;;;Ag towards cage c;RL;;;;;
06b1641d-036f-44c9-9ddf-139ac46fdd6b;2025-04-30T01:10:53.000Z;10:10;;RS;;;NH;;RS;;;MS;;RS;;;;;RS;;;;;
da39126f-696d-44c1-9758-67f132b5ae89;2025-04-30T01:12:50.000Z;10:12;;RS;;NH;;;RS;;;MS;;M;;;;;RS;;;;;red
7da3e112-2b41-4853-83ec-dd9258ddaadd;2025-04-30T01:14:17.000Z;10:14;Yes;RS;;NH;;;RS;;;MS;;M;;;;;RS;;;;;green
4853d57e-3764-4411-985c-47354eb9392d;2025-04-30T01:16:27.000Z;10:16;;RS;;;;;RS;;;;;RS;;;;;RS;;;;;
f0361db1-66d4-4ac8-b22b-e08868d35a60;2025-04-30T01:18:45.000Z;10:18;;GG;NY;;;;M;;;;;RS;;;;;GR;MS;;;;
7c5f2bdd-596a-40b6-a8c0-50fb1a5ea65d;2025-04-30T01:20:57.000Z;10:20;;PL;NY;;;;RS;;;;;RS;;;;;PL;MS;;;;red
c4e4ddc5-7b29-4cae-a6b3-f9fdad537e26;2025-04-30T01:22:15.000Z;10:22;Yes;PL;NY;;;;RS;;;;;RS;;;;;PL;MS;;;;green
7d19fe0a-98e5-4f45-bfff-aab5eff828ea;2025-04-30T01:24:29.000Z;10:24;Yes;PL;NY;;;;RS;;;;;RS;;;;;PL;MS;;;;green
7e21fb16-d72e-486e-8952-7ae444da2e39;2025-04-30T01:26:58.000Z;10:26;;M;;;NY, MN;;RS;;;;;M;;;NY, MS;;M;;;MN, MS;;red
62b5c34f-4c21-4119-97d0-d4e4d71e9e73;2025-04-30T01:28:23.000Z;10:28;Yes;M;;;NY, MN;;RS;;;;;M;;;NY, MS;;M;;;MN, MS;;green
945b2fd6-9be0-41e0-a90e-f83732d4b7db;2025-04-30T01:49:06.000Z;10:48;;RS;;;;;M;;;;;RS;;;;;RS;;;;;red
91043137-e5b4-4ae9-afe2-ed1745651457;2025-04-30T01:50:38.000Z;10:50;Yes;RS;;;;;M;;;;;RS;;;;;RS;;;;;green
918891ab-3e51-48c8-a798-038b8b126de0;2025-04-30T01:52:48.000Z;10:52;;RS;;;;;GR;MN;;;;GG;NH;;;;RL;;;;;
e05fd3a0-e714-4d66-aa9a-aec96fba16e3;2025-04-30T01:54:43.000Z;10:54;;GR;MN;;;;RL;;;;;GG;MS;;;;RL;;;;;red
776d8708-987b-415d-92a5-9243a6e84051;2025-04-30T01:56:24.000Z;10:56;Yes;GR;MN;;;;RL;;;;;GG;MS;;;;RL;;;;;green
ce541e65-3ba3-4b70-bdd0-a9b63edeb327;2025-04-30T01:58:30.000Z;10:58;Yes;GR;MN;;;;RL;;;;;GG;MS;;;;RL;;;;;green
7b4dced9-f95b-4530-9cdc-5d75c4459c09;2025-04-30T02:00:27.000Z;11:00;Yes;GR;MN;;;;RL;;;;;GG;MS;;;;RL;;;;;green
161c7599-3d26-4550-acc2-4705719d8a28;2025-04-30T02:02:20.000Z;11:02;Yes;GR;MN;;;;RL;;;;;GG;MS;;;;RL;;;;;green
be038246-63b4-4d55-8e0f-611f49b40acc;2025-04-30T02:05:28.000Z;11:04;;GR;MN;;;;RS;;;;;GG;MS;;;;RS;;;;;red
40243ffd-f458-4dc9-bbd4-79402b137bfa;2025-04-30T02:06:13.000Z;11:06;Yes;GR;MN;;;;RS;;;;;GG;MS;;;;RS;;;;;green
21657f0e-7121-452e-a859-dd5246ecfb97;2025-04-30T02:09:19.000Z;11:08;;GR;MN;;NH;;RS;;;MN, MS;;GG;MS;;NH;;RL;;;;;red
2ca78cf1-9dd5-4287-953d-0b13bd5cffbc;2025-04-30T02:10:30.000Z;11:10;Yes;GR;MN;;NH;;RS;;;MN, MS;;GG;MS;;NH;;RL;;;;;green
7ed5a821-fec5-466b-b1d6-ba46fbdbce35;2025-04-30T02:12:19.000Z;11:12;Yes;GR;MN;;NH;;RS;;;MN, MS;;GG;MS;;NH;;RL;;;;;green
2a8b9fae-bc53-4663-a888-0f8e8e37a797;2025-04-30T02:14:22.000Z;11:14;Yes;GR;MN;;NH;;RS;;;MN, MS;;GG;MS;;NH;;RL;;;;;green
4e63a714-ebe2-4ce6-b852-ffa081ff5c64;2025-04-30T02:16:55.000Z;11:16;;RL;;;NH;;RS;;MS;;;RS;;;;;RL;;;;;red
98e9f1be-9646-40f7-991f-b58e4c8fe64e;2025-04-30T02:18:30.000Z;11:18;Yes;RL;;;NH;;RS;;MS;;;RS;;;;;RL;;;;;green
f10ce0d7-a1e7-4ce3-ab35-6e80cd154fe7;2025-04-30T02:20:20.000Z;11:20;Yes;RL;;;NH;;RS;;MS;;;RS;;;;;RL;;;;;green
1d96af9a-d723-4a09-affb-16caee9665ce;2025-04-30T02:22:17.000Z;11:22;Yes;RL;;;NH;;RS;;MS;;;RS;;;;;RL;;;;;green
2eea2219-c06d-446c-a17d-3e8d89abc9b0;2025-04-30T02:25:02.000Z;11:24;;RL;;;NH;;RL;;;MS;;RS;;;;;RL;;;;;red
20ec9cdb-9f78-4f63-9f7c-8367fe29b458;2025-04-30T02:26:13.000Z;11:26;Yes;RL;;;NH;;RL;;;MS;;RS;;;;;RL;;;;;green
eb4df537-092a-48f2-a33d-86393485d9cb;2025-04-30T02:28:23.000Z;11:28;Yes;RL;;;NH;;RL;;;MS;;RS;;;;;RL;;;;;green
fe016cbb-cddd-47dd-bf81-34d3f50b8960;2025-04-30T02:30:17.000Z;11:30;Yes;RL;;;NH;;RL;;;MS;;RS;;;;;RL;;;;;green
b90ddb3c-a9be-4065-ab79-0c15cb758047;2025-04-30T02:32:35.000Z;11:32;Yes;RL;;;NH;;RL;;;MS;;RS;;;;;RL;;;;;green
a77574ce-957b-421c-84e1-28180d6cb089;2025-04-30T02:34:18.000Z;11:34;Yes;RL;;;NH;;RL;;;MS;;RS;;;;;RL;;;;;green
14a65268-0b40-4c92-a8d5-b07bcf6c19fa;2025-04-30T02:36:41.000Z;11:36;Yes;RL;;;NH;;RL;;;MS;;RS;;;;;RL;;;;;green
bfaced48-8638-49e1-99f3-0a947e7e2194;2025-04-30T02:38:25.000Z;11:38;Yes;RL;;;NH;;RL;;;MS;;RS;;;;;RL;;;;;green
1087661b-5cea-4cd4-bfe4-0b0916d0a8e0;2025-04-30T02:40:18.000Z;11:40;Yes;RL;;;NH;;RL;;;MS;;RS;;;;;RL;;;;;green
0823473c-bc04-4229-a427-e195a3b09434;2025-04-30T02:42:22.000Z;11:42;Yes;RL;;;NH;;RL;;;MS;;RS;;;;;RL;;;;;green
90203e7a-6593-45f0-825d-ff496347cc3c;2025-04-30T02:44:43.000Z;11:44;;RS;;;;;RS;;;;;M;;;;;M;;;;;
7fd7cd10-1d41-44dd-a8a9-79b508535c77;2025-04-30T02:46:48.000Z;11:46;;RS;;;;;RS;;;;;RS;;;NY;;RS;;;MN;;
14b4f314-6807-4296-a002-f7864aa0cdb3;2025-04-30T04:19:44.000Z;13:18;;M;NY;;;;M;;;;;M;;;;;AG;MS;;;Towards MS;
d88118f9-705c-4381-9018-c18c092208e7;2025-04-30T04:21:08.000Z;13:20;;RS;;NY, NH;;;RS;;NY, MS;;;RS;;;;;RS;;NH, MS;;;
05cb2753-ed6a-4e90-bd9f-8199f48132aa;2025-04-30T04:23:40.000Z;13:22;;RS;;;;;RS;;;NY, MN;;RS;;;NY, NH;;RS;;;NH, MN;;
9c4e858e-b8f1-4878-8dfc-692e885c5c75;2025-04-30T04:25:17.000Z;13:24;;RS;;;;;E;;;MN;;M;;;NH;;RL;;;;;
e49d37a8-6aad-444a-a0d9-ed75f9aaad62;2025-04-30T04:27:27.000Z;13:26;;RS;;;;;M;;;;;AG;;;;Towards cage c;M;;;;;
4baaa44a-79e9-4ac4-993d-c49de25958d3;2025-04-30T04:29:04.000Z;13:28;;RS;;;;;RS;;;;;AG;;;;;RS;;;;;
9ae2d14a-c09d-4835-86d7-278f979a56e3;2025-04-30T04:31:02.000Z;13:30;;RS;;;;;RS;;;;;RS;;;;;RL;;;;;
1914dc75-3a5b-4863-a163-09fbc85d5c1d;2025-04-30T04:33:11.000Z;13:32;;RS;;;MN;;RS;;;;;RS;;;MS;;RL;;;;;red
47f0714b-5cf2-4e9c-a57f-8ecc2539f315;2025-04-30T04:34:37.000Z;13:34;Yes;RS;;;MN;;RS;;;;;RS;;;MS;;RL;;;;;green
ce8f999b-99d2-40ef-928a-9561acb7e879;2025-04-30T04:36:57.000Z;13:36;;RS;;;;;E;;;;;RS;;;;;M;;;;;
d860867c-e6a6-4d90-b094-2990d59d0d09;2025-04-30T04:39:37.000Z;13:38;;RS;;;;;E;;;MN;;RS;;;NH;;RS;;;;;red
813718e9-63c9-41ca-8018-bceeaa43abc0;2025-04-30T04:40:46.000Z;13:40;Yes;RS;;;;;E;;;MN;;RS;;;NH;;RS;;;;;green
9b7422a3-aec3-4654-85b3-145df46aa1fa;2025-04-30T04:42:43.000Z;13:42;Yes;RS;;;;;E;;;MN;;RS;;;NH;;RS;;;;;green
17e3a64a-f25e-4e9e-b29f-da2acca96314;2025-04-30T04:44:57.000Z;13:44;;RS;;;;;RS;;;NY;;RS;;;;;RS;;;NH;;red
532ff3ae-d7a4-4711-9ec5-893140a803ef;2025-04-30T04:46:53.000Z;13:46;Yes;RS;;;;;RS;;;NY;;RS;;;;;RS;;;NH;;green
cf024506-bf53-473c-a794-9ce2e6d60e7c;2025-04-30T04:49:05.000Z;13:48;;RS;;;NY, MN;;RS;;;;;RS;;;NY, MS;;E;;;MN, MS;;
c99f0d9d-efda-4b43-b5da-26a0f2608bba;2025-04-30T04:50:48.000Z;13:50;;RS;;;;;RL;;;;;RS;;;;;RS;;;;;
9e7f0c72-71c3-4b08-ac75-84e2afe11614;2025-04-30T04:52:56.000Z;13:52;;RS;;;;;RS;;;;;RS;;;;;RS;;;;;red
1fb02bd2-e97a-4180-8595-ca753b4da229;2025-04-30T04:55:02.000Z;13:54;Yes;RS;;;;;RS;;;;;RS;;;;;RS;;;;;green
d7478dc9-b703-489e-a262-7d9f3e45caf8;2025-04-30T04:56:32.000Z;13:56;Yes;RS;;;;;RS;;;;;RS;;;;;RS;;;;;green
1a889edf-4872-4e2e-9289-4627e9e5145c;2025-04-30T04:59:08.000Z;13:58;;RS;;;;AG TOWARDS NY;RS;;;;;RS;;;;;RS;;;;;red
6cfec718-8c34-4e0c-936b-c66b4bdb8810;2025-04-30T05:00:43.000Z;14:00;Yes;RS;;;;AG TOWARDS NY;RS;;;;;RS;;;;;RS;;;;;green
fd515867-0db2-4aa5-8f50-2e372f5b56b4;2025-04-30T05:03:03.000Z;14:02;;RS;;;;;RL;;;;;M;;;;;RL;;;;;
1f5bd553-f8b2-4704-a3d2-54c9ff9c51ec;2025-04-30T05:04:51.000Z;14:04;NO;RS;;;;;RS;;;;;RS;;;;;RS;;;;;red
38e342a0-9431-4915-bb6b-ac503af0b31c;2025-04-30T05:06:38.000Z;14:06;Yes;RS;;;;;RS;;;;;RS;;;;;RS;;;;;green
1acdd472-2b89-4582-9c29-136dbd362335;2025-04-30T05:08:49.000Z;14:08;;RS;;;;;RS;;;;;RS;;;;;RS;;;;;red
1d7d4fd4-1c42-434b-a111-679bdc8c21e5;2025-04-30T05:10:33.000Z;14:10;Yes;RS;;;;;RS;;;;;RS;;;;;RS;;;;;green
060d7a02-82f6-4314-8f11-2b1163f59c9c;2025-04-30T05:12:48.000Z;14:12;Yes;RS;;;;;RS;;;;;RS;;;;;RS;;;;;green
08ac2b30-b709-4e0c-a047-c1a1f63b53bd;2025-04-30T05:14:33.000Z;14:14;Yes;RS;;;;;RS;;;;;RS;;;;;RS;;;;;green
bb2b5a15-57b9-4407-bec5-2bbdbdf31e78;2025-04-30T05:16:40.000Z;14:16;Yes;RS;;;;;RS;;;;;RS;;;;;RS;;;;;green
8e9c3bd4-df00-4bbb-b3f7-894b619a9289;2025-04-30T05:18:51.000Z;14:18;Yes;RS;;;;;RS;;;;;RS;;;;;RS;;;;;green
7d9cbd4a-2de8-4134-ac95-b7f0c264d2b1;2025-04-30T05:20:54.000Z;14:20;Yes;RS;;;;;RS;;;;;RS;;;;;RS;;;;;green
dde630b1-c698-46db-ba79-5097b3d36ed0;2025-04-30T05:23:26.000Z;14:22;;GR;MN;;;;RL;;;;;GG;MS;;;;RS;;;;;red
1175c86b-dbe2-4a98-b3b6-f78d1f3b9a26;2025-04-30T05:24:37.000Z;14:24;Yes;GR;MN;;;;RL;;;;;GG;MS;;;;RS;;;;;green
3cddffcd-6975-4772-b2ac-f8127d706fd4;2025-04-30T05:27:42.000Z;14:26;;GR;MN;;NH;;RS;;;MN, MS;;GG;MS;;;;RS;;;;;red
96895181-342a-4fac-aa46-e6d201775d08;2025-04-30T05:28:31.000Z;14:28;Yes;GR;MN;;NH;;RS;;;MN, MS;;GG;MS;;;;RS;;;;;green
0705284c-5ca7-42ce-8777-8b757eba360c;2025-04-30T05:31:28.000Z;14:30;;GR;MN;;NY;;RS;;;;;GG;MS;;NY;;RS;;;MS, MN;;
fdf40863-3df9-4d8b-a66e-07dd7110c109;2025-04-30T05:32:52.000Z;14:32;;GR;MN;;;;RS;;;;;GG;MS;;;;RS;;;;;red
e765206d-11fa-4454-88e2-82f805d28b20;2025-04-30T05:34:33.000Z;14:34;Yes;GR;MN;;;;RS;;;;;GG;MS;;;;RS;;;;;green
729fab64-a967-46e2-8d45-bd896d37a038;2025-04-30T05:37:47.000Z;14:36;;RL;;;MN, NH;;RS;;;MS, MN;;RS;;;NH, MS;;RS;;;;;red
14d512dd-2429-49fa-8e47-2c9002d54eeb;2025-04-30T05:38:32.000Z;14:38;Yes;RL;;;MN, NH;;RS;;;MS, MN;;RS;;;NH, MS;;RS;;;;;green
09d7c630-827c-4540-a2ac-3079f755a368;2025-04-30T05:40:34.000Z;14:40;Yes;RL;;;MN, NH;;RS;;;MS, MN;;RS;;;NH, MS;;RS;;;;;green
fff60028-0561-428d-8e88-f39c347c5179;2025-04-30T05:42:51.000Z;14:42;;RL;;;NH;;SD;;;MS;;RS;;;;;RS;;;;;red
60b1a1cb-f880-48ac-b1ac-579015f1f577;2025-04-30T05:44:35.000Z;14:44;Yes;RL;;;NH;;SD;;;MS;;RS;;;;;RS;;;;;green
d366dbf6-9db1-4ca1-a801-14168084fdff;2025-04-30T05:46:36.000Z;14:46;Yes;RL;;;NH;;SD;;;MS;;RS;;;;;RS;;;;;green
8a338092-6334-4af9-9f67-16437d792d0d;2025-05-01T00:31:58.000Z;09:31;;E;;;NH;;E;;;NY, MS;;RS;;;;;RS;;;NH;;red
a2e4d112-d6b5-4499-8edc-83d0623b116f;2025-05-01T00:33:32.000Z;09:33;Yes;E;;;NH;;E;;;NY, MS;;RS;;;;;RS;;;NH;;green
e22e0327-1cda-4279-90c7-2f5751cfa599;2025-05-01T00:36:10.000Z;09:35;;RS;;;NH;;E;;;MS;;RS;;;;;M;;;;;red
b6c02662-a726-412f-b73e-a0d2852a8119;2025-05-01T00:37:25.000Z;09:37;Yes;RS;;;NH;;E;;;MS;;RS;;;;;M;;;;;green
61e6f2f1-d384-4e8b-9334-4a897c08336d;2025-05-01T00:39:56.000Z;09:39;;RS;;;NH;;SD;;;MS;;E;;;NY;;E;;;MN;;red
9d3292d5-5148-4dc0-a600-22936af99847;2025-05-01T00:41:20.000Z;09:41;Yes;RS;;;NH;;SD;;;MS;;E;;;NY;;E;;;MN;;green
7bc048c7-237a-49fc-b44f-7403f25c4a00;2025-05-01T00:43:40.000Z;09:43;;E;;;NH;;RS;;;MS;;RS;;;;;E;;;;;red
a15c6c80-e6de-4167-85f3-9c228ccded12;2025-05-01T00:45:27.000Z;09:45;Yes;E;;;NH;;RS;;;MS;;RS;;;;;E;;;;;green
97c5195f-df52-4b0a-8d31-b587834d5a54;2025-05-01T00:47:46.000Z;09:47;;E;;NH;;;RS;;MS;;;E;;;;;E;;;;;red
7a8c3682-8a25-4719-90c3-aed4c2e80295;2025-05-01T00:49:28.000Z;09:49;Yes;E;;NH;;;RS;;MS;;;E;;;;;E;;;;;green
a9b45265-0f95-4b36-85d7-76b80e295753;2025-05-01T00:51:23.000Z;09:51;Yes;E;;NH;;;RS;;MS;;;E;;;;;E;;;;;green
b05fb172-675f-4b51-b15f-31001be23d91;2025-05-01T00:53:39.000Z;09:53;Yes;E;;NH;;;RS;;MS;;;E;;;;;E;;;;;green
c55a37f7-fab5-4f98-abf7-5bb168bcb0e4;2025-05-01T00:54:54.000Z;09:54;Yes;E;;NH;;;RS;;MS;;;E;;;;;E;;;;;green
cf86b01f-c799-42ca-a1d0-72459037f3e9;2025-05-01T00:55:26.000Z;09:55;Yes;E;;NH;;;RS;;MS;;;E;;;;;E;;;;;green
b16016d9-17e5-4779-b904-40b8a3f029f0;2025-05-01T00:57:24.000Z;09:57;Yes;E;;NH;;;RS;;MS;;;E;;;;;E;;;;;green
d2d66ee2-0623-4550-adfb-521528835c34;2025-05-01T00:59:45.000Z;09:59;;RS;;NH;;;RS;;MS;;;RS;;;;;E;;;;;
06c16091-e4be-4f73-b693-70cc670de6e8;2025-05-01T01:01:40.000Z;10:01;;RL;;;NH;;RS;;;MS;;RS;;;;;RL;;;;;red
db37e907-bff4-4697-b413-8063720e53ad;2025-05-01T01:03:29.000Z;10:03;Yes;RL;;;NH;;RS;;;MS;;RS;;;;;RL;;;;;green
1451a76e-a0ed-44fc-a41a-50fc83d54ac5;2025-05-01T01:05:24.000Z;10:05;Yes;RL;;;NH;;RS;;;MS;;RS;;;;;RL;;;;;green
f8e5dc08-3e1f-4ce9-aa9c-d95c304a09f2;2025-05-01T01:07:46.000Z;10:07;;RL;;;NH;;RL;;;MS;;RS;;;;;RS;;;;;red
3eba4cbf-a6ec-4ea8-9199-a4f3ee612f70;2025-05-01T01:09:26.000Z;10:09;Yes;RL;;;NH;;RL;;;MS;;RS;;;;;RS;;;;;green
ef6cfab1-3700-4470-82dc-f7b09cada5bf;2025-05-01T01:12:08.000Z;10:11;;M;;;;;M;;;;;AG;;;;Towards cage c;M;;;;;
a194f187-e0dc-4fb7-8f90-089c5f5bbba1;2025-05-01T01:13:53.000Z;10:13;;RS;;;;;DS;;;;Towards cage c;DS;;;;Towards cage c;RS;;;;;
77597533-b63b-4103-87b8-57279ab1e9da;2025-05-01T01:15:44.000Z;10:15;;RS;;;;;AG;;;;Towards cage c;RS;;;;;RS;;;;;
f7044e83-08ec-4739-850b-a14ad25a8f97;2025-05-01T01:17:41.000Z;10:17;;RS;;;NH;;RS;;;MS;;RS;;;;;RS;;;;;red
c7871ef2-4573-48f2-a766-2db85e539a57;2025-05-01T01:19:26.000Z;10:19;Yes;RS;;;NH;;RS;;;MS;;RS;;;;;RS;;;;;green
ca12c580-adbd-48f7-a218-b864fce374c2;2025-05-01T01:21:49.000Z;10:21;Yes;RS;;;NH;;RS;;;MS;;RS;;;;;RS;;;;;green
1e50011a-330e-411c-a805-ac36fcd50280;2025-05-01T01:23:39.000Z;10:23;;RS;;;;;RS;;;;;RS;;;;;RS;;;;;red
081aea4f-49da-466b-8a7c-aa52b49ac771;2025-05-01T01:25:35.000Z;10:25;Yes;RS;;;;;RS;;;;;RS;;;;;RS;;;;;green
32d6d01a-3089-4df2-995a-582df73d3a61;2025-05-01T01:27:52.000Z;10:27;;GG;NH;;;;GR;MS;;;;RS;;;;;RL;;;;;red
af6c8723-bd1c-4ad9-93db-ab665b34ef19;2025-05-01T01:29:28.000Z;10:29;Yes;GG;NH;;;;GR;MS;;;;RS;;;;;RL;;;;;green
4239bb78-20f0-41b5-8d4a-6c2a1a5d41d6;2025-05-01T01:31:21.000Z;10:31;Yes;GG;NH;;;;GR;MS;;;;RS;;;;;RL;;;;;green
457ed0bd-a7d9-4b3d-ba58-c218a541af5a;2025-05-01T01:46:02.000Z;10:45;;RS;;NH;;;RL;;MS;;;RS;;;;;RL;;;;;red
69b5bf3e-f2b8-4a69-8f77-d75cc143cf94;2025-05-01T01:47:34.000Z;10:47;Yes;RS;;NH;;;RL;;MS;;;RS;;;;;RL;;;;;green
c4975a99-f252-452e-b8db-29fbaee3bcae;2025-05-01T01:49:38.000Z;10:49;Yes;RS;;NH;;;RL;;MS;;;RS;;;;;RL;;;;;green
7632a92c-98bb-4c26-9b4a-bc7e7e3dddc3;2025-05-01T01:51:53.000Z;10:51;;GG;MN;NH;;;RL;;MN, MS;;;GR;MS;NH;;;RL;;;;;
27523b56-0ed3-433a-9402-e1f1dda87173;2025-05-01T01:53:48.000Z;10:53;;GM;MN;NH;;;RL;;MN, MS;;;GM;MS;NH;;;RS;;;;;red
f931b6b7-aa6a-47d1-9960-212533a0c94e;2025-05-01T01:55:35.000Z;10:55;Yes;GM;MN;NH;;;RL;;MN, MS;;;GM;MS;NH;;;RS;;;;;green
5c1b8179-e5e9-4bfa-bce2-dd21ed9216fe;2025-05-01T01:57:39.000Z;10:57;Yes;GM;MN;NH;;;RL;;MN, MS;;;GM;MS;NH;;;RS;;;;;green
89ad44d0-09c4-48e1-acd3-3a7da5592f08;2025-05-01T01:59:27.000Z;10:59;Yes;GM;MN;NH;;;RL;;MN, MS;;;GM;MS;NH;;;RS;;;;;green
cd900417-fafd-4bab-95fc-0e4d7a545ddc;2025-05-01T02:01:33.000Z;11:01;Yes;GM;MN;NH;;;RL;;MN, MS;;;GM;MS;NH;;;RS;;;;;green
77f63139-8051-4f35-b7f8-2a4c6685c15d;2025-05-01T02:04:04.000Z;11:03;;PL;NY;;;;RS;;;;;RS;;;;;PL;MS;;;;red
1a21849d-25b2-4991-acbc-5cdb128e8799;2025-05-01T02:05:35.000Z;11:05;Yes;PL;NY;;;;RS;;;;;RS;;;;;PL;MS;;;;green
47002f4d-a318-43c5-a2a9-282be2496a20;2025-05-01T02:07:50.000Z;11:07;Yes;PL;NY;;;;RS;;;;;RS;;;;;PL;MS;;;;green
116b0769-9c10-4d37-a141-6b15c6eefb8a;2025-05-01T02:09:23.000Z;11:09;Yes;PL;NY;;;;RS;;;;;RS;;;;;PL;MS;;;;green
a7d514f9-4d2d-4aca-b9c4-bc869fc0c352;2025-05-01T02:11:26.000Z;11:11;Yes;PL;NY;;;;RS;;;;;RS;;;;;PL;MS;;;;green
5cf73e78-6a0f-45e8-9314-796f62e0078b;2025-05-01T02:13:29.000Z;11:13;Yes;PL;NY;;;;RS;;;;;RS;;;;;PL;MS;;;;green
16b23895-d4fb-4b5a-b0ad-369f97db1ba7;2025-05-01T02:15:33.000Z;11:15;Yes;PL;NY;;;;RS;;;;;RS;;;;;PL;MS;;;;green
1ffbee03-6fe3-4bc5-a6f3-2025976c5e65;2025-05-01T02:17:25.000Z;11:17;Yes;PL;NY;;;;RS;;;;;RS;;;;;PL;MS;;;;green
4758b33f-5dc9-498c-93ad-6a70ad9a4326;2025-05-01T02:19:47.000Z;11:19;;RS;;;;;GG;MN;;;;GR;NH;;;;RS;;;;;
bda90241-15cb-48ac-882d-119f25da50a8;2025-05-01T02:21:40.000Z;11:21;;RS;;NH;;;RS;;MS;;;RS;;;;;RS;;;;;
28b00321-cd1a-4a56-a8be-7dff5d0c47e7;2025-05-01T02:23:38.000Z;11:23;;RS;;;;;RS;;;;;RS;;;;;RS;;;;;red
6fcec62c-794d-43d1-9a67-a1a2a68da0d9;2025-05-01T02:25:33.000Z;11:25;Yes;RS;;;;;RS;;;;;RS;;;;;RS;;;;;green
b939c22d-dfe6-43b1-a5c6-88fb3ce41442;2025-05-01T02:27:27.000Z;11:27;Yes;RS;;;;;RS;;;;;RS;;;;;RS;;;;;green
bbcdb53b-3aaf-4386-9649-6aaa9d2f9cf4;2025-05-01T02:29:44.000Z;11:29;;RS;;;NH;;RS;;;MS;;RS;;;;;RL;;;;;red
b8f93343-05ee-40dc-bb94-e85d1d7268cf;2025-05-01T02:31:20.000Z;11:31;Yes;RS;;;NH;;RS;;;MS;;RS;;;;;RL;;;;;green
a3d6af1c-4040-4c60-9575-4946780b555e;2025-05-01T02:33:47.000Z;11:33;;RL;;;NH;;RS;;;MS;;RS;;;;;RL;;;;;red
45996204-0093-436e-ae4a-257cf0729372;2025-05-01T02:35:23.000Z;11:35;Yes;RL;;;NH;;RS;;;MS;;RS;;;;;RL;;;;;green
bd88eb10-de28-45a9-9d1d-5fef44f82810;2025-05-01T02:37:26.000Z;11:37;Yes;RL;;;NH;;RS;;;MS;;RS;;;;;RL;;;;;green
b5de3d95-aecc-4af4-b30b-3196c2ef4639;2025-05-01T02:39:21.000Z;11:39;Yes;RL;;;NH;;RS;;;MS;;RS;;;;;RL;;;;;green
329677d6-e760-49f2-b8ec-b2d085c5f049;2025-05-01T02:41:22.000Z;11:41;Yes;RL;;;NH;;RS;;;MS;;RS;;;;;RL;;;;;green
9253b839-7546-4e0c-a599-b8004de5eef7;2025-05-01T02:43:20.000Z;11:43;Yes;RL;;;NH;;RS;;;MS;;RS;;;;;RL;;;;;green
1d631e42-e8f9-4a71-9c2b-61bf5dbde37f;2025-05-01T02:45:19.000Z;11:45;Yes;RL;;;NH;;RS;;;MS;;RS;;;;;RL;;;;;green
d9c59170-9948-4ca9-8777-2b6a7b1695f0;2025-05-01T04:17:56.000Z;13:17;;E;;;;;E;;;NY;;E;;;;;E;;;NH;;
cd5c0a4b-2c67-4407-b4ca-abe254bb1592;2025-05-01T04:19:54.000Z;13:19;;E;;;;;E;;;;;E;;;;;RS;;;;;
7c6c9fb4-6798-46c9-aa28-36877641cd01;2025-05-01T04:22:01.000Z;13:21;;E;;;;;E;;;NY;;M;;;;;E;;;NH;;
2d65f810-ab9a-4029-8aed-a6f6025a8bb9;2025-05-01T04:23:46.000Z;13:23;;E;;;;;E;;;MN;;RS;;;NH;;M;;;;;red
e429c316-dadf-42b3-aec5-4f23ab759807;2025-05-01T04:25:24.000Z;13:25;Yes;E;;;;;E;;;MN;;RS;;;NH;;M;;;;;green
5e2d628a-e295-4cb8-a881-16954bdae64b;2025-05-01T04:28:09.000Z;13:27;;RS;;;;;E;;;MN;;RS;;;NH;;RS;;;;;red
b231f244-019d-4c61-a258-58897494ce75;2025-05-01T04:29:31.000Z;13:29;Yes;RS;;;;;E;;;MN;;RS;;;NH;;RS;;;;;green
913e02ed-f6e3-4371-8c33-665142dbe4a9;2025-05-01T04:31:45.000Z;13:31;;RS;;;;;E;;;;;M;;;;;M;;;;;
2c4d69ff-7c03-490a-9636-12d1e0fd7003;2025-05-01T04:33:48.000Z;13:33;;RS;;;;;M;;;;;E;;;;;M;;;;;
1092dc1a-9a09-4cf1-935b-611de6db5403;2025-05-01T04:35:45.000Z;13:35;;RS;;;;;M;;;;;RS;;;;;DS;;;;;
12a5383b-eacc-477c-895f-b31373242f98;2025-05-01T04:37:36.000Z;13:37;;PL;;NY;;;RS;;;;;RS;;;;;PL;;MS;;;
5f0e3cd9-0249-4c50-bcf7-c7b259bdcdca;2025-05-01T04:39:45.000Z;13:39;;RS;;;;;RS;;;;;RS;;;;;RS;;;;;red
693ecb59-7c3e-4438-b21d-ad528e781f8f;2025-05-01T04:41:32.000Z;13:41;Yes;RS;;;;;RS;;;;;RS;;;;;RS;;;;;green
146e4f52-8775-4541-9fdb-0136361b3808;2025-05-01T04:43:29.000Z;13:43;Yes;RS;;;;;RS;;;;;RS;;;;;RS;;;;;green
c2ecf6f6-4968-4f7d-98d3-2d7f2a640be9;2025-05-01T04:45:29.000Z;13:45;Yes;RS;;;;;RS;;;;;RS;;;;;RS;;;;;green
f8b20702-b048-4525-a355-0a47a1cd22db;2025-05-01T04:47:30.000Z;13:47;Yes;RS;;;;;RS;;;;;RS;;;;;RS;;;;;green
48a5d8d7-2029-4ef9-8620-28a3f789f8d2;2025-05-01T04:49:44.000Z;13:49;;RS;;;;;RS;;;;;RS;;;;;RS;;;;;red
d697f777-729e-4dc2-a32d-fd954d48b9f5;2025-05-01T04:51:33.000Z;13:51;Yes;RS;;;;;RS;;;;;RS;;;;;RS;;;;;green
7b4ec6e5-dd26-4c9f-9c4f-bf5f26aec202;2025-05-01T04:53:55.000Z;13:53;;RS;;MN;;;RS;;;;;RS;;MS;;;RS;;;;;red
7865bd45-6c28-415e-bb79-905b7fba6472;2025-05-01T04:55:25.000Z;13:55;Yes;RS;;MN;;;RS;;;;;RS;;MS;;;RS;;;;;green
c66af064-a06a-4e52-bfab-454b0f081cad;2025-05-01T04:57:54.000Z;13:57;;RS;;;;;RS;;;;;RS;;NY;;;RS;;MN;;;red
cf65a0ad-f0b7-4de1-b411-177e83b82ea9;2025-05-01T04:59:24.000Z;13:59;Yes;RS;;;;;RS;;;;;RS;;NY;;;RS;;MN;;;green
eef6e959-8cef-4b77-83e8-7ecc8f8a7ba2;2025-05-01T05:01:24.000Z;14:01;Yes;RS;;;;;RS;;;;;RS;;NY;;;RS;;MN;;;green
efe4aeda-af40-4d2b-adf3-98bf53a3d4bc;2025-05-01T05:03:27.000Z;14:03;Yes;RS;;;;;RS;;;;;RS;;NY;;;RS;;MN;;;green
a553dcfb-2a44-499c-b15a-27c7ef205d96;2025-05-01T05:05:40.000Z;14:05;;RS;;;;;RS;;;;;RS;;;;;RS;;;;;red
a19aa2f1-e4c8-4285-b9a6-2cf6697bdf7d;2025-05-01T05:07:22.000Z;14:07;Yes;RS;;;;;RS;;;;;RS;;;;;RS;;;;;green
a583c35f-a971-4a6d-9422-a2bc19e02539;2025-05-01T05:09:26.000Z;14:09;Yes;RS;;;;;RS;;;;;RS;;;;;RS;;;;;green
5996e3ce-6a89-45a3-853e-de3f8eb92b67;2025-05-01T05:11:42.000Z;14:11;;M;;;;;M;;;;;M;;;;;M;;;;;
c541db5f-f549-4a8a-8c6f-e75b4da29df5;2025-05-01T05:13:32.000Z;14:13;;RS;;;;;RS;;;;;RS;;;;;M;;;;;
172f2f29-06f4-4457-9a74-b765440b41ea;2025-05-01T05:15:58.000Z;14:15;;M;;;;;RS;;;MN;;RS;;;NH;;M;;;;;
33115e29-d903-4278-b562-58e31d2c4a2c;2025-05-01T05:17:33.000Z;14:17;;RS;;;;;RS;;;;;RS;;;;;RS;;;;;
6587c436-9f75-44c3-8296-c53dac1838c9;2025-05-01T05:19:34.000Z;14:19;;RS;;;;;RS;;;;;RS;;;;;RS;;;;;red
16d6896c-7518-4849-9f44-7a7b4ce94bb5;2025-05-01T05:21:30.000Z;14:21;Yes;RS;;;;;RS;;;;;RS;;;;;RS;;;;;green
09857a15-9018-4920-a858-4977f666d708;2025-05-01T05:23:31.000Z;14:23;Yes;RS;;;;;RS;;;;;RS;;;;;RS;;;;;green
57be5581-a8f7-48ca-b957-aa1b760324ff;2025-05-01T05:25:25.000Z;14:25;Yes;RS;;;;;RS;;;;;RS;;;;;RS;;;;;green
3c72c3d9-0042-4bea-ba7d-6e5ad3a5c608;2025-05-01T05:27:41.000Z;14:27;;RS;;;;;RS;;;;;RL;;;;;RL;;;;;
93e2a813-ea42-44e4-8642-8ad2e96f0052;2025-05-01T05:29:35.000Z;14:29;;RS;;;MN;;RS;;;;;RL;;;MS;;RL;;;;;
f7dbd500-812e-46cb-8abf-67647857e715;2025-05-01T05:31:50.000Z;14:31;;RL;;;NH, MN;;GG;MN;MS;;;GR;NH;;MS;;RL;;;;;red
0c7cf0cb-8185-472c-a001-39a0abde9cec;2025-05-01T05:33:24.000Z;14:33;Yes;RL;;;NH, MN;;GG;MN;MS;;;GR;NH;;MS;;RL;;;;;green
82027867-53db-4787-a584-1086d411bbfd;2025-05-01T05:35:31.000Z;14:35;Yes;RL;;;NH, MN;;GG;MN;MS;;;GR;NH;;MS;;RL;;;;;green
6e41efc0-569a-4c10-9297-58a50f84bbe7;2025-05-01T05:37:25.000Z;14:37;Yes;RL;;;NH, MN;;GG;MN;MS;;;GR;NH;;MS;;RL;;;;;green
54433f26-8c22-40d1-a71c-08e7655ec647;2025-05-01T05:39:55.000Z;14:39;;RS;;NH;MN;;RS;;MS;MN;;RL;;;NH, MS;;RS;;;;;red
380bb9b3-e162-4738-811c-b8d405746f69;2025-05-01T05:41:29.000Z;14:41;Yes;RS;;NH;MN;;RS;;MS;MN;;RL;;;NH, MS;;RS;;;;;green
7bdc0d13-9cbe-4fcc-99e6-818904dbd58a;2025-05-01T05:43:17.000Z;14:43;Yes;RS;;NH;MN;;RS;;MS;MN;;RL;;;NH, MS;;RS;;;;;green
9ad93b7a-fc04-40ef-b31e-1e0e4d3315c6;2025-05-01T05:45:19.000Z;14:45;Yes;RS;;NH;MN;;RS;;MS;MN;;RL;;;NH, MS;;RS;;;;;green
33fc6c80-e143-49de-9b9c-1399cbf07617;2025-05-14T00:36:17.000Z;09:35;;E;;;NH;;E;;;MS;;RS;;;;;E;;;;;
8e3dbd12-11a4-483b-a25f-1e00ecb980c2;2025-05-14T00:38:38.000Z;09:38;;E;;;;;M;;;;;M;;;NY;;RS;;;MN;;
6bcfca8d-55c7-4eb8-902a-7003ada2d3a3;2025-05-14T00:40:29.000Z;09:40;;RL;;;;;E;;;;;RS;;;;;E;;;;;red
a9066e8c-b496-43b3-955c-e12c1407e847;2025-05-14T00:42:07.000Z;09:41;Yes;RL;;;;;E;;;;;RS;;;;;E;;;;;green
55ab8c4d-0475-4f2b-ba1d-f46d7af6b4bf;2025-05-14T00:44:28.000Z;09:44;;RL;;;;;RS;;;;;RS;;;;;E;;;;;red
3719556a-ce29-413f-88ea-91e3470468a4;2025-05-14T00:46:13.000Z;09:46;Yes;RL;;;;;RS;;;;;RS;;;;;E;;;;;green
a6ce1562-d160-452b-b5dd-23e413de026d;2025-05-14T00:48:07.000Z;09:48;Yes;RL;;;;;RS;;;;;RS;;;;;E;;;;;green
a6cf9a14-152d-4059-af94-b0c214d3ae71;2025-05-14T00:50:29.000Z;09:50;;RL;;;;;RS;;;;;RS;;;;;E;;;;;red
e56c9ee8-4aa8-4c77-b35b-d94dd16061ec;2025-05-14T00:52:11.000Z;09:52;Yes;RL;;;;;RS;;;;;RS;;;;;E;;;;;green
70dd5c23-1dfb-4d06-85cc-c69913d38e99;2025-05-14T00:54:23.000Z;09:54;Yes;RL;;;;;RS;;;;;RS;;;;;E;;;;;green
9995aae1-d13c-45fd-98f9-2d75919b7f3c;2025-05-14T00:57:00.000Z;09:56;;RL;;;;;RS;;;NY, MN;;RS;;;NY, NH;;RS;;;NH, MN;;
2c8ee70f-32be-4cd3-83d9-2dae95dcc49d;2025-05-14T00:58:33.000Z;09:58;;E;;;;;RS;;;;;RS;;NY;;;RS;;MN;;;red
592062c4-5c97-49f0-af79-b0a454c4feea;2025-05-14T01:00:23.000Z;10:00;Yes;E;;;;;RS;;;;;RS;;NY;;;RS;;MN;;;green
620d907d-226b-423b-b61d-adae55a90d6e;2025-05-14T01:02:19.000Z;10:02;;RL;;;;;RS;;;;;M;;;;;RS;;;;;
0fa80bf9-023e-4a12-a24e-8444628c3ca5;2025-05-14T01:04:40.000Z;10:04;;GR;MN;;;;RS;;;;;GG;MS;;;;RS;;;;;red
36e94464-5b5a-45c0-b6d2-c92585c80065;2025-05-14T01:06:36.000Z;10:06;Yes;GR;MN;;;;RS;;;;;GG;MS;;;;RS;;;;;green
6e386071-fac7-40a3-baaf-449564429c13;2025-05-14T01:08:26.000Z;10:08;;GR;MN;;;;RS;;;;;GG;MS;;;;M;;;;;
2443fa80-e843-4f6a-81dd-38ea14867d6a;2025-05-14T01:10:46.000Z;10:09;;GR;MN;;;;M;;;;;GG;MS;;;;RS;;;;;red
76468261-2c8b-4e25-b7ba-3ebd83135013;2025-05-14T01:12:07.000Z;10:12;Yes;GR;MN;;;;M;;;;;GG;MS;;;;RS;;;;;green
f2379220-24c2-4105-a223-67bea30c2ca2;2025-05-14T01:14:55.000Z;10:14;NO;GR;MN;;NY;;RS;;;;;GG;MS;;NY;;RS;;;MS, MN;;
b1dc7be1-f225-4122-8f52-54fee2fc5152;2025-05-14T01:16:51.000Z;10:16;;GR;MN;;;;RS;;;;;GG;MS;;;;RS;;;;;
8d366027-b368-4712-a308-a49937c4a45d;2025-05-14T01:18:30.000Z;10:18;;RS;;;;;RS;;;;;RS;;;;;RS;;;;;red
c7219502-a18b-459a-bf05-75b7c7bb4774;2025-05-14T01:20:13.000Z;10:20;Yes;RS;;;;;RS;;;;;RS;;;;;RS;;;;;green
a4462e14-6c26-4b63-ad42-ced000a92a0a;2025-05-14T01:22:27.000Z;10:22;;RS;;;;;RS;;;;;RS;;;;;RL;;;;;
ae27b551-2d5c-42c9-93fc-199f532cb29b;2025-05-14T01:24:20.000Z;10:24;;RS;;;;;RS;;;;;RS;;;;;RS;;;;;red
32d3f7c7-a8db-42dc-90ff-d1f65fda7a21;2025-05-14T01:26:18.000Z;10:26;Yes;RS;;;;;RS;;;;;RS;;;;;RS;;;;;green
73a932d2-1920-4a86-8d7f-279b4b9a627c;2025-05-14T01:28:15.000Z;10:28;;RS;;;;;RS;;;;;RS;;;;;RS;;;;;red
fc5acc3d-a6f8-434c-ab3a-c5827f5543b3;2025-05-14T01:30:20.000Z;10:30;Yes;RS;;;;;RS;;;;;RS;;;;;RS;;;;;green
acd1ea68-05ac-40d0-b2d2-9c8d13bfcecc;2025-05-14T01:46:50.000Z;10:46;;RS;;;;;RS;;;;;E;;;;;RS;;;;;red
7253b4e8-49f5-4bbe-ac52-2ce1c2477680;2025-05-14T01:48:24.000Z;10:48;Yes;RS;;;;;RS;;;;;E;;;;;RS;;;;;green
f48a9b10-656a-4493-b451-486e56301785;2025-05-14T01:50:19.000Z;10:50;Yes;RS;;;;;RS;;;;;E;;;;;RS;;;;;green
77fa6a41-22bc-4752-ad72-0b68db0fa114;2025-05-14T01:52:15.000Z;10:52;Yes;RS;;;;;RS;;;;;E;;;;;RS;;;;;green
abde18ad-c042-40dd-bd27-fa262c43782a;2025-05-14T01:54:15.000Z;10:54;Yes;RS;;;;;RS;;;;;E;;;;;RS;;;;;green
e09901e5-b65a-4896-b46d-df0e2ea5b094;2025-05-14T01:56:19.000Z;10:56;Yes;RS;;;;;RS;;;;;E;;;;;RS;;;;;green
35f11355-c8d7-43cc-94d1-3be3e84489ec;2025-05-14T01:58:36.000Z;10:58;Yes;RS;;;;;RS;;;;;E;;;;;RS;;;;;green
e0048167-c60d-48b3-898c-fd6cd600cac4;2025-05-14T02:00:40.000Z;11:00;;RL;;;;;RS;;;;;RS;;;;;RS;;;;;red
f3795a8c-5b4b-4a6e-9e0d-98b681f33ec4;2025-05-14T02:02:13.000Z;11:02;Yes;RL;;;;;RS;;;;;RS;;;;;RS;;;;;green
c14c16e9-b8fa-46df-867c-a7f170045c2b;2025-05-14T02:04:15.000Z;11:04;Yes;RL;;;;;RS;;;;;RS;;;;;RS;;;;;green
f187f3d9-ae6e-4c90-bb8f-210a17a49113;2025-05-14T02:06:30.000Z;11:06;;RS;;;;;RS;;;;;RS;;;;;RS;;;;;red
abd499b4-7e67-49b2-be75-cca9823bb99a;2025-05-14T02:08:28.000Z;11:08;Yes;RS;;;;;RS;;;;;RS;;;;;RS;;;;;green
e06683a0-0f09-42bc-a23f-6686f26b0711;2025-05-14T02:10:17.000Z;11:10;Yes;RS;;;;;RS;;;;;RS;;;;;RS;;;;;green
2ec1fd0e-fe3c-4a96-a8d6-208beddc76cf;2025-05-14T02:12:15.000Z;11:12;Yes;RS;;;;;RS;;;;;RS;;;;;RS;;;;;green
1a1f896b-58f7-4298-ab51-51b964eaa29d;2025-05-14T02:14:23.000Z;11:14;Yes;RS;;;;;RS;;;;;RS;;;;;RS;;;;;green
0cf9a494-1bde-4e33-af5d-3f8de5d1f8ac;2025-05-14T02:16:28.000Z;11:16;Yes;RS;;;;;RS;;;;;RS;;;;;RS;;;;;green
d2db3fe1-15bd-45df-99c4-a4d0b068bec5;2025-05-14T02:18:09.000Z;11:18;Yes;RS;;;;;RS;;;;;RS;;;;;RS;;;;;green
52df4cde-6698-459f-aa1f-908c7e8fbeb9;2025-05-14T02:20:08.000Z;11:20;Yes;RS;;;;;RS;;;;;RS;;;;;RS;;;;;green
cdd4aa1b-b283-44d2-b4a1-f6047e224054;2025-05-14T02:22:25.000Z;11:22;Yes;RS;;;;;RS;;;;;RS;;;;;RS;;;;;green
103291ea-d1f8-4662-aa84-b9a4e46a9e1f;2025-05-14T02:24:17.000Z;11:24;Yes;RS;;;;;RS;;;;;RS;;;;;RS;;;;;green
cf7d57ef-2c1a-48a4-ba06-2ebb3d895d22;2025-05-14T02:26:10.000Z;11:26;Yes;RS;;;;;RS;;;;;RS;;;;;RS;;;;;green
a9858fbb-acdd-45c3-a81c-b45c08ee2ea9;2025-05-14T02:28:30.000Z;11:28;Yes;RS;;;;;RS;;;;;RS;;;;;RS;;;;;green
b29f2490-71fe-47c1-8eb0-4567d25825cb;2025-05-14T02:30:11.000Z;11:30;Yes;RS;;;;;RS;;;;;RS;;;;;RS;;;;;green
4828025e-e80c-4f69-a89c-4284fa507169;2025-05-14T02:32:10.000Z;11:32;Yes;RS;;;;;RS;;;;;RS;;;;;RS;;;;;green
be8f8ec3-69c2-429b-8a2b-e256b4fcde58;2025-05-14T02:34:12.000Z;11:34;Yes;RS;;;;;RS;;;;;RS;;;;;RS;;;;;green
2b603ec8-791c-457d-9fa8-2a5dd8289f82;2025-05-14T02:36:20.000Z;11:36;;RS;;;;;RS;;;;;RS;;;;;RL;;;;;red
cd071d8f-4a00-4d34-8585-75d6f141ea4a;2025-05-14T02:38:20.000Z;11:38;Yes;RS;;;;;RS;;;;;RS;;;;;RL;;;;;green
55c4a752-2a86-4e3f-a5f0-f79eed4c41fa;2025-05-14T02:40:09.000Z;11:40;Yes;RS;;;;;RS;;;;;RS;;;;;RL;;;;;green
7660e5f1-d983-498f-9aa8-2174b5814062;2025-05-14T02:42:31.000Z;11:42;NO;RS;;;;;RS;;;;;RS;;;;;RL;;;;;red
acaec117-29e7-4f1d-81ad-4848f21a0a5a;2025-05-14T02:44:21.000Z;11:44;Yes;RS;;;;;RS;;;;;RS;;;;;RL;;;;;green
cc7d6a44-4840-49df-8fee-095e959ef428;2025-05-14T02:46:09.000Z;11:46;Yes;RS;;;;;RS;;;;;RS;;;;;RL;;;;;green
bfef7c75-dba3-432e-9597-90924b773504;2025-05-14T04:19:31.000Z;13:18;;E;;NY;NH, MN;;E;;MN, NY;MS;;E;;NH;NY, MS;;E;;MS, NH;MN;;red
a098bc46-d112-407e-b15e-4c433d6e5e42;2025-05-14T04:20:40.000Z;13:20;Yes;E;;NY;NH, MN;;E;;MN, NY;MS;;E;;NH;NY, MS;;E;;MS, NH;MN;;green
8cfded61-c218-4a2f-8298-9d5bf11e643c;2025-05-14T04:22:58.000Z;13:22;Yes;E;;NY;NH, MN;;E;;MN, NY;MS;;E;;NH;NY, MS;;E;;MS, NH;MN;;green
c24ff96a-2119-4354-aeeb-2e823a830712;2025-05-14T04:25:05.000Z;13:24;;E;;;;;E;;;MN, NY;;E;;;NY, NH;;E;;;NH, MN;;red
b2c7cacf-8606-4563-9985-6d6787117fe6;2025-05-14T04:26:45.000Z;13:26;Yes;E;;;;;E;;;MN, NY;;E;;;NY, NH;;E;;;NH, MN;;green
8f3b675a-cb12-4c9b-9cd1-1a85dce23864;2025-05-14T04:28:46.000Z;13:28;Yes;E;;;;;E;;;MN, NY;;E;;;NY, NH;;E;;;NH, MN;;green
822c9a75-1bae-4bde-b08a-e73eba274be2;2025-05-14T04:31:11.000Z;13:30;Yes;E;;;;;E;;;MN, NY;;E;;;NY, NH;;E;;;NH, MN;;green
903ef57d-65a6-4062-948d-f2560a29c166;2025-05-14T04:33:20.000Z;13:32;;E;;;NY, NH;;M;;;NY, MS;;RS;;;;;E;;;NH, MS;;red
1c86985e-25b6-46ee-b5f9-00208e614384;2025-05-14T04:34:52.000Z;13:34;Yes;E;;;NY, NH;;M;;;NY, MS;;RS;;;;;E;;;NH, MS;;green
4baf7a86-f559-40ad-b936-3ba4211636c7;2025-05-14T04:36:57.000Z;13:36;;RS;;;;;E;;;;;M;;;;;M;;;;;
32ca070c-19e6-4ecd-9ede-c905bcfb87ab;2025-05-14T04:39:02.000Z;13:38;;RS;;;;;E;;;;;RS;;;;;M;;;;;red
814364af-b7a9-4692-a77a-ede77c60af4e;2025-05-14T04:40:50.000Z;13:40;Yes;RS;;;;;E;;;;;RS;;;;;M;;;;;green
85129171-2f71-495e-adcd-77ea4569abbe;2025-05-14T04:43:02.000Z;13:42;;RS;;;;;E;;;;;RS;;;;;RL;;;;;red
bc14add9-f5f0-43c1-8737-d0b170ddbeca;2025-05-14T04:44:42.000Z;13:44;Yes;RS;;;;;E;;;;;RS;;;;;RL;;;;;green
f46ff331-938a-4785-9f06-1ebe453fffc6;2025-05-14T04:46:47.000Z;13:46;Yes;RS;;;;;E;;;;;RS;;;;;RL;;;;;green
ba1f7c2c-0dcd-4e06-a21f-3ae5276e3615;2025-05-14T04:48:46.000Z;13:48;Yes;RS;;;;;E;;;;;RS;;;;;RL;;;;;green
9d85d281-e126-4cf4-9994-13c31d763195;2025-05-14T04:50:48.000Z;13:50;Yes;RS;;;;;E;;;;;RS;;;;;RL;;;;;green
e808085f-e1e6-4e25-b9f8-1b08d864345e;2025-05-14T04:52:45.000Z;13:52;Yes;RS;;;;;E;;;;;RS;;;;;RL;;;;;green
694d1bb9-18bb-458e-afbc-482249ed6b01;2025-05-14T04:54:48.000Z;13:54;Yes;RS;;;;;E;;;;;RS;;;;;RL;;;;;green
04e3976c-31c9-4247-a58e-e7c883f004b3;2025-05-14T04:56:46.000Z;13:56;Yes;RS;;;;;E;;;;;RS;;;;;RL;;;;;green
29153d0e-d84c-4a9b-92e1-222e32f0bc92;2025-05-14T04:58:51.000Z;13:58;Yes;RS;;;;;E;;;;;RS;;;;;RL;;;;;green
1d4d3cf9-59a5-4578-97ed-7b07f3a0bf9a;2025-05-14T05:01:01.000Z;14:00;;E;;;;;E;;;;;RS;;;;;RL;;;;;red
d08c947b-46ec-4ced-bcbb-1cb33305e259;2025-05-14T05:02:38.000Z;14:02;Yes;E;;;;;E;;;;;RS;;;;;RL;;;;;green
ecca2bf2-ab80-4044-bbbb-558d18dddd5f;2025-05-14T05:04:47.000Z;14:04;Yes;E;;;;;E;;;;;RS;;;;;RL;;;;;green
d32894c2-0a80-444a-9146-0f1deb1a7f09;2025-05-14T05:06:48.000Z;14:06;Yes;E;;;;;E;;;;;RS;;;;;RL;;;;;green
dd282229-7abf-4cda-b89b-9dc89b199fcf;2025-05-14T05:08:56.000Z;14:08;Yes;E;;;;;E;;;;;RS;;;;;RL;;;;;green
bd1e7dc2-020e-4fa7-b4b1-3cf88179f43d;2025-05-14T05:10:43.000Z;14:10;Yes;E;;;;;E;;;;;RS;;;;;RL;;;;;green
4a4d83ef-a2ab-47d4-86e4-9f8b60c82146;2025-05-14T05:12:43.000Z;14:12;Yes;E;;;;;E;;;;;RS;;;;;RL;;;;;green
85d78010-38c2-40c3-a0f9-316b1a1fafc4;2025-05-14T05:14:43.000Z;14:14;Yes;E;;;;;E;;;;;RS;;;;;RL;;;;;green
37520099-8011-4026-83a2-6730bab2235a;2025-05-14T05:17:04.000Z;14:16;;RS;;;;;RS;;;;;E;;;;;RL;;;;;red
aa00ef08-6a65-41ee-b745-1c7de59c9fc3;2025-05-14T05:18:51.000Z;14:18;Yes;RS;;;;;RS;;;;;E;;;;;RL;;;;;green
32982f5a-801e-4b90-8061-f10e89ea9c36;2025-05-14T05:20:44.000Z;14:20;Yes;RS;;;;;RS;;;;;E;;;;;RL;;;;;green
5de0db4d-17de-43cc-9323-d08c40cccdc5;2025-05-14T05:22:45.000Z;14:22;Yes;RS;;;;;RS;;;;;E;;;;;RL;;;;;green
f68e009d-ed07-4fa4-8100-c4ff6487929f;2025-05-14T05:24:55.000Z;14:24;;RS;;;;;RS;;;;;E;;;;;E;;;;;red
e80a52de-7d1d-468e-b6aa-5d121220c8dd;2025-05-14T05:26:43.000Z;14:26;Yes;RS;;;;;RS;;;;;E;;;;;E;;;;;green
49309b46-ba3e-453d-b21c-50133fbb249f;2025-05-14T05:28:38.000Z;14:28;Yes;RS;;;;;RS;;;;;E;;;;;E;;;;;green
e46ba15c-c881-4030-ab16-1fe1d3d9ec7b;2025-05-14T05:31:04.000Z;14:30;;RS;;;;;RS;;;;;E;;;NY;;E;;;MN;;
8da51e0c-31d4-423a-8a56-87bf8e6348a5;2025-05-14T05:32:58.000Z;14:32;;RS;;;;;RS;;;;;RS;;;;;RS;;;;;red
6817fac8-b5d5-4c86-b62f-87636dbbc5df;2025-05-14T05:34:44.000Z;14:34;Yes;RS;;;;;RS;;;;;RS;;;;;RS;;;;;green
dedaa305-294d-46dc-9923-8081cd6884ae;2025-05-14T05:36:40.000Z;14:36;Yes;RS;;;;;RS;;;;;RS;;;;;RS;;;;;green
fc16861e-acdc-40f6-8638-0efd3d790057;2025-05-14T05:39:06.000Z;14:38;;RS;;;;;RS;;;;;RS;;;;;RS;;;;;red
acd499e7-7951-4ee4-8aab-5c0e8f049fe8;2025-05-14T05:40:43.000Z;14:40;Yes;RS;;;;;RS;;;;;RS;;;;;RS;;;;;green
49908ab7-2eac-48bd-829f-57ee0328df7f;2025-05-14T05:42:41.000Z;14:42;Yes;RS;;;;;RS;;;;;RS;;;;;RS;;;;;green
e53688df-7b80-4ec6-a2e7-111168eda5ab;2025-05-14T05:44:40.000Z;14:44;Yes;RS;;;;;RS;;;;;RS;;;;;RS;;;;;green
ff682e52-4e2c-4e09-b9ad-db59637a6acd;2025-05-14T05:46:38.000Z;14:46;Yes;RS;;;;;RS;;;;;RS;;;;;RS;;;;;green
28f35741-e66b-485d-8aa3-2518a327ed67;2025-05-15T00:31:17.000Z;09:30;;E;;;;;RS;;;;;M;;;;;RL;;;;;red
32379316-d572-415a-92de-929dd5655a4c;2025-05-15T00:32:35.000Z;09:32;Yes;E;;;;;RS;;;;;M;;;;;RL;;;;;green
8e094d38-c332-44c0-94e3-56afd20483fa;2025-05-15T00:35:03.000Z;09:34;NO;E;;;;;RS;;;;;M;;;;;M;;;;;red
74f8e10b-c5e7-43ba-a549-5892045082ea;2025-05-15T00:36:38.000Z;09:36;Yes;E;;;;;RS;;;;;M;;;;;M;;;;;green
cda2a14c-1c5f-4158-893b-4a8c9e2120c7;2025-05-15T00:39:01.000Z;09:38;;E;;NH;;;RS;;MS;;;RS;;;;;M;;;;;
07fbdc33-4ce1-46c6-b6a4-bc9e57502604;2025-05-15T00:41:00.000Z;09:40;;RS;;NH;;;RS;;MS;;;RS;;;;;RS;;;;;red
d88a9457-c1c3-4d41-8e72-72a4dc4d6237;2025-05-15T00:42:33.000Z;09:42;Yes;RS;;NH;;;RS;;MS;;;RS;;;;;RS;;;;;green
a8bc786e-72d6-49b5-98fd-a89b0c50d599;2025-05-15T00:44:40.000Z;09:44;Yes;RS;;NH;;;RS;;MS;;;RS;;;;;RS;;;;;green
2ad9a382-a456-4d20-bcff-6a3622d005fe;2025-05-15T00:46:30.000Z;09:46;Yes;RS;;NH;;;RS;;MS;;;RS;;;;;RS;;;;;green
e6d0d62c-5aba-4860-b6f1-30f666917f28;2025-05-15T00:48:56.000Z;09:48;;RL;;NH;;;RS;;MS;;;RS;;;;;RS;;;;;red
ea31611c-cdca-4163-ba2c-19e6039fac45;2025-05-15T00:50:45.000Z;09:50;Yes;RL;;NH;;;RS;;MS;;;RS;;;;;RS;;;;;green
28cf2130-d415-4394-b8fa-542acf3f6f81;2025-05-15T00:52:48.000Z;09:52;Yes;RL;;NH;;;RS;;MS;;;RS;;;;;RS;;;;;green
602e30ac-99d3-4518-87bd-9a54ecf12419;2025-05-15T00:54:43.000Z;09:54;Yes;RL;;NH;;;RS;;MS;;;RS;;;;;RS;;;;;green
a6dd10cd-bc8c-442e-b07a-16a8c0b67800;2025-05-15T00:56:30.000Z;09:56;Yes;RL;;NH;;;RS;;MS;;;RS;;;;;RS;;;;;green
d30ed9bc-aec9-4b53-bca0-bf3dd83d48d1;2025-05-15T00:59:04.000Z;09:58;NO;RL;;;NH;;RS;;;MS;;RS;;;;;RL;;;;;red
8a58f833-8aee-4ecc-8957-864eb56aaa41;2025-05-15T01:00:35.000Z;10:00;Yes;RL;;;NH;;RS;;;MS;;RS;;;;;RL;;;;;green
9a40dde1-e63f-4aa8-9308-d0e9bf3c582e;2025-05-15T01:03:08.000Z;10:02;;RL;;;;;RS;;;;;M;;;;;RL;;;;;red
f6d464af-b139-4683-a7d7-fa345f33318b;2025-05-15T01:04:52.000Z;10:04;Yes;RL;;;;;RS;;;;;M;;;;;RL;;;;;green
f33184de-d557-4933-ad3a-1d4fd35a83ef;2025-05-15T01:06:59.000Z;10:06;;M;;;;;RS;;;;;RS;;;;;RL;;;;;red
47f86ecc-8fcc-4688-8c7a-999191f2de19;2025-05-15T01:08:42.000Z;10:08;Yes;M;;;;;RS;;;;;RS;;;;;RL;;;;;green
f7ff862f-b8d8-4d6d-bef4-6a7bd942dd7a;2025-05-15T01:11:02.000Z;10:10;;M;;NY;;;RS;;;;;M;;;;;M;;MS;;;
c76b39ba-b94c-4841-bc5b-cb102268ea54;2025-05-15T01:12:58.000Z;10:12;;M;;;;;RS;;;MN;;RS;;;NH;;RS;;;;;
6871c1bf-7fc5-471d-85a1-9d2800e8987e;2025-05-15T01:14:57.000Z;10:14;;RS;;;;;RS;;;MN;;RS;;;NH;;RS;;;;;
37f7e3c8-1a20-467e-a067-94162b192bc9;2025-05-15T01:17:03.000Z;10:16;;RS;;;;;RS;;;;;RS;;;;;RS;;;;;
1df5bb0e-3594-4146-b4d3-99cf3746b4ec;2025-05-15T01:19:09.000Z;10:18;;E;;;;;RS;;;;;RS;;;NY;;RS;;;MN;;
aed09527-efeb-40f5-a399-4f3bff3d0f5c;2025-05-15T01:20:59.000Z;10:20;;E;;;;;RS;;;;;M;;;;;RS;;;;;
01ac98a6-c927-48aa-baa0-f2199b5bf3cc;2025-05-15T01:23:10.000Z;10:22;;GM;NH;;;;GM;MS;;;;M;;;;;RL;;;;;red
e7d66663-e20c-4c7e-901d-172a41ce069f;2025-05-15T01:24:34.000Z;10:24;Yes;GM;NH;;;;GM;MS;;;;M;;;;;RL;;;;;green
150c5f7f-a3d0-4491-a221-9e214c8f48e8;2025-05-15T01:27:00.000Z;10:26;Yes;GM;NH;;;;GM;MS;;;;M;;;;;RL;;;;;green
a789f16d-5a66-4a51-8e55-40ec2a495a8b;2025-05-15T01:28:56.000Z;10:28;;E;;;NH;;RS;;;MS;;GG;NY;;;;GR;MN;;;;
4e7dfab7-6087-44f6-aa87-05eb126bb2d9;2025-05-15T01:31:30.000Z;10:30;;RL;;;;;RS;;;;;M;;;;Displayed toward cage a;RS;;;;;
d9b1b2fa-cea3-42e0-9951-c94b94984aca;2025-05-15T01:47:51.000Z;10:46;;M;;;;;M;;;;;M;;;;;RS;;;;AG towards MS;
a856812a-f0ae-4913-b752-b1d807c597b3;2025-05-15T01:48:46.000Z;10:48;;RS;;;;;RS;;;;;RS;;;;;RS;;;;;
98082331-b079-42ba-b2af-04bd733035e8;2025-05-15T01:51:12.000Z;10:50;;RS;;;;;RS;;;;;RS;;;;;RL;;;;;
48914387-f846-45fa-b6d2-a95900cc3fc9;2025-05-15T01:52:53.000Z;10:52;;RS;;;;;RS;;;;;M;;;;;RL;;;;;
9c766938-7eff-4315-b891-568c4b2de179;2025-05-15T01:55:05.000Z;10:54;;RS;;;;;GG;NY;;;;M;;;;;GR;NH;;;;
27320bbb-536e-4ca6-89e2-862f44c32039;2025-05-15T01:56:59.000Z;10:56;;RS;;;;;RS;;;;;RS;;;;;RL;;;;;red
21c90608-d721-4664-9022-59b598459859;2025-05-15T01:58:47.000Z;10:58;Yes;RS;;;;;RS;;;;;RS;;;;;RL;;;;;green
c78ee816-eca5-47a4-b0a0-2efa5021e4fd;2025-05-15T02:00:37.000Z;11:00;Yes;RS;;;;;RS;;;;;RS;;;;;RL;;;;;green
c0b07f7f-2de7-4efd-9e9e-58de86afae03;2025-05-15T02:02:36.000Z;11:02;Yes;RS;;;;;RS;;;;;RS;;;;;RL;;;;;green
f17454b0-89b0-4fa3-8d07-5b1797a17611;2025-05-15T02:04:39.000Z;11:04;Yes;RS;;;;;RS;;;;;RS;;;;;RL;;;;;green
79396718-cfb2-4f98-bf9d-c792446171c7;2025-05-15T02:06:54.000Z;11:06;;RS;;;;;RS;;;;;RS;;;;;RS;;;;;red
bde06490-53ae-47d5-8957-921e9b3cb3ec;2025-05-15T02:08:41.000Z;11:08;Yes;RS;;;;;RS;;;;;RS;;;;;RS;;;;;green
bd2e0ce2-ed14-438e-9d9e-1c68530ac56a;2025-05-15T02:10:57.000Z;11:10;;RS;;;;;RS;;;;;RS;;;;;RS;;;;;red
b2acf665-be05-4356-885a-61b0ef40c112;2025-05-15T02:12:36.000Z;11:12;Yes;RS;;;;;RS;;;;;RS;;;;;RS;;;;;green
527c8260-7c7a-492f-ae9c-143ab1e6df9a;2025-05-15T02:14:56.000Z;11:14;;M;;;;;M;;;;;RS;;;;;RL;;;;;
c8b233f8-53ba-4c07-96fe-125c88fc465a;2025-05-15T02:17:00.000Z;11:16;;GR;NH;;;;GG;MS;;;;RS;;;;;M;;;;;
127f202c-3520-4cbd-bdb2-05dcfc492087;2025-05-15T02:19:22.000Z;11:18;;GR;NH;;;;GG;MS;;;;RS;;;;;RS;;;;;
8832fcd8-7cc6-4dd4-a469-23298c5398d2;2025-05-15T02:20:49.000Z;11:20;;RS;;NH;;;RS;;MS;;;RS;;;;;RS;;;;;
442a3c7f-839f-4e71-9f53-f8d39df0ee9e;2025-05-15T02:23:11.000Z;11:22;;RL;;;;;RS;;;;;RS;;;;;RS;;;;;red
123436ba-f7c2-4285-bb96-b505e19b65c6;2025-05-15T02:24:40.000Z;11:24;Yes;RL;;;;;RS;;;;;RS;;;;;RS;;;;;green
a4558af8-76ed-4a5f-8fc8-d29943fc25fb;2025-05-15T02:26:51.000Z;11:26;;RS;;;;;RS;;;;;RS;;;;;RS;;;;;
7508c156-281e-4a50-8f37-243ec4478ab3;2025-05-15T02:28:46.000Z;11:28;;RS;;;;;RS;;;;;RS;;;;;RS;;;;;red
bb58ae8c-0eee-46b7-9826-d6f9c080cfe5;2025-05-15T02:30:41.000Z;11:30;Yes;RS;;;;;RS;;;;;RS;;;;;RS;;;;;green
ddcdf498-b261-4298-8f84-82a4e82fda53;2025-05-15T02:32:51.000Z;11:32;Yes;RS;;;;;RS;;;;;RS;;;;;RS;;;;;green
95c98552-7252-4cf5-bc10-4fdc3a478538;2025-05-15T02:34:38.000Z;11:34;Yes;RS;;;;;RS;;;;;RS;;;;;RS;;;;;green
e68d2ada-ea6b-45fb-b942-035dc36db450;2025-05-15T02:36:43.000Z;11:36;Yes;RS;;;;;RS;;;;;RS;;;;;RS;;;;;green
075a58f6-5f5d-43fa-a37b-13fdc82769e6;2025-05-15T02:38:35.000Z;11:38;Yes;RS;;;;;RS;;;;;RS;;;;;RS;;;;;green
364d6e67-fd40-4da3-b774-07c212f96e8e;2025-05-15T02:40:33.000Z;11:40;Yes;RS;;;;;RS;;;;;RS;;;;;RS;;;;;green
a34e2964-2dcd-464f-8086-2176e4ad86e8;2025-05-15T02:42:40.000Z;11:42;Yes;RS;;;;;RS;;;;;RS;;;;;RS;;;;;green
a2379827-bc52-43d3-8344-ae3e67305138;2025-05-15T02:44:40.000Z;11:44;Yes;RS;;;;;RS;;;;;RS;;;;;RS;;;;;green
ebd799e8-f8a1-49c1-b6e8-5c9678b563e8;2025-05-15T02:46:32.000Z;11:46;Yes;RS;;;;;RS;;;;;RS;;;;;RS;;;;;green
fb27696c-258f-44a1-8933-2b8ddfbbe12e;2025-05-15T04:17:56.000Z;13:17;;E;;NH;MN;;E;;MS;MN;;E;;;NH, MS;;E;;;;;red
f4acbb09-3a16-4d80-b7c2-a2b012e75603;2025-05-15T04:19:39.000Z;13:19;Yes;E;;NH;MN;;E;;MS;MN;;E;;;NH, MS;;E;;;;;green
097fc2d4-4be9-40e5-a50d-34b1bc3d258f;2025-05-15T04:21:54.000Z;13:21;;E;;;NH, MN;;E;;;MS;;E;;;MS;;E;;;;;
aeb74a61-6a87-43af-8ecd-b4f334c25100;2025-05-15T04:23:41.000Z;13:23;;E;;;;;E;;;MN;;E;;;NH;;E;;;;;
d4754d3b-ebad-48aa-ac4c-da5eadc9df76;2025-05-15T04:25:38.000Z;13:25;;M;;;;;E;;;MN;;E;;;NH;;E;;;;;
8725326d-c74b-44d6-affa-45ceb074dcd5;2025-05-15T04:27:45.000Z;13:27;;RS;;;;;E;;;;;E;;;;;E;;;;;red
f164b9f7-5281-4028-a009-325f3c1fd27a;2025-05-15T04:29:26.000Z;13:29;Yes;RS;;;;;E;;;;;E;;;;;E;;;;;green
4e448a06-8c42-4198-bf99-290933193431;2025-05-15T04:31:38.000Z;13:31;;RS;;;;;E;;;;;E;;;;;RS;;;;;red
e2e2e581-2802-4ef5-bdf5-ca9791d15a54;2025-05-15T04:33:19.000Z;13:33;Yes;RS;;;;;E;;;;;E;;;;;RS;;;;;green
cdfc4f7c-88b3-493f-9a21-db9e1e0bf877;2025-05-15T04:35:25.000Z;13:35;Yes;RS;;;;;E;;;;;E;;;;;RS;;;;;green
6de60af9-2319-4786-8efc-ca507353c2e7;2025-05-15T04:37:27.000Z;13:37;Yes;RS;;;;;E;;;;;E;;;;;RS;;;;;green
b65709bb-3a86-491a-b150-1afdf6383d74;2025-05-15T04:40:07.000Z;13:39;;RS;;;;;E;;;MN, NY;;E;;;NH;;E;;;NH;;
621932fe-1183-4ef2-aa42-e9ad5dac57c1;2025-05-15T04:41:42.000Z;13:41;;RS;;;;;E;;;MN;;E;;;NH;;RS;;;;;
84cf77a5-2aa7-41d0-8987-4788c0f3e74e;2025-05-15T04:43:44.000Z;13:43;;RS;;;;;RS;;MN;;;RS;;NH;;;RS;;;;;
7e9a8115-b141-4b74-baaf-52f0a2b8b9a4;2025-05-15T04:45:42.000Z;13:45;;RS;;;;;RS;;;;;E;;;;;RS;;;;;red
3e1e3798-fd7c-4f66-a6c6-92f42e066b49;2025-05-15T04:47:28.000Z;13:47;Yes;RS;;;;;RS;;;;;E;;;;;RS;;;;;green
8bbdd120-efae-49ea-a71e-5e04fa7901e8;2025-05-15T04:49:36.000Z;13:49;Yes;RS;;;;;RS;;;;;E;;;;;RS;;;;;green
4b8bdf8d-5677-47fa-bcbe-996e9f033a54;2025-05-15T04:51:24.000Z;13:51;Yes;RS;;;;;RS;;;;;E;;;;;RS;;;;;green
853f14ba-bc5c-4ac9-800c-b5549c6eb374;2025-05-15T04:54:00.000Z;13:53;;M;;;;;RS;;;;;RS;;;;;RS;;;;;
d5047508-9255-4d49-ad69-a4fc9d56d711;2025-05-15T04:55:39.000Z;13:55;NO;E;;;;;RS;;;;;RS;;;;;RS;;;;;
d19175b8-4bd8-423e-85dc-ea32f61572b8;2025-05-15T04:57:51.000Z;13:57;;RS;;;NH;;RS;;;MS;;RS;;;;;RS;;;;;
2f635cdb-9af9-4773-94eb-aa1983fa95b7;2025-05-15T04:59:41.000Z;13:59;;RS;;;;;RS;;;;;RS;;;;;RS;;;;;red
9462dba2-5df7-45c4-aa03-8fca109b04ba;2025-05-15T05:01:20.000Z;14:01;Yes;RS;;;;;RS;;;;;RS;;;;;RS;;;;;green
b0a805b5-8dd4-489f-bdd9-5c05a2c722c6;2025-05-15T05:03:31.000Z;14:03;;RS;;;;;RS;;;;;RS;;;;;RS;;;;;
c481d991-47dc-4f69-bf61-2e05f71736f5;2025-05-15T05:05:41.000Z;14:05;;E;;;;;RS;;;;;M;;;;;RS;;;;;
a2c5f74c-589c-4a8f-b74c-53ce88198537;2025-05-15T05:07:48.000Z;14:07;;RS;;;;;RS;;;;;RS;;NY;;;RS;;MN;;;red
be87e3de-b9ee-4f0f-8b95-2d4850e03cb4;2025-05-15T05:09:35.000Z;14:09;Yes;RS;;;;;RS;;;;;RS;;NY;;;RS;;MN;;;green
0a67a16f-c62f-4f04-a6b0-35f4568a7725;2025-05-15T05:11:27.000Z;14:11;Yes;RS;;;;;RS;;;;;RS;;NY;;;RS;;MN;;;green
0ee33e9f-4f85-4f3b-8ad9-809fffd85a5a;2025-05-15T05:13:24.000Z;14:13;Yes;RS;;;;;RS;;;;;RS;;NY;;;RS;;MN;;;green
5cc5d131-b89d-47ef-b168-1f321ae80ff5;2025-05-15T05:15:22.000Z;14:15;Yes;RS;;;;;RS;;;;;RS;;NY;;;RS;;MN;;;green
2aa94e54-72f7-459b-ab43-ff828393afed;2025-05-15T05:17:43.000Z;14:17;;RS;;;;;RL;;;;;RS;;;;;RL;;;;;red
52fb4e5d-99a4-4ec8-afca-a7d1f790e961;2025-05-15T05:19:26.000Z;14:19;Yes;RS;;;;;RL;;;;;RS;;;;;RL;;;;;green
59a8650f-12f9-44b1-8cde-6374fc8eae21;2025-05-15T05:21:22.000Z;14:21;Yes;RS;;;;;RL;;;;;RS;;;;;RL;;;;;green
78306ae5-e1ac-43f4-8775-584a2aab16a4;2025-05-15T05:23:30.000Z;14:23;Yes;RS;;;;;RL;;;;;RS;;;;;RL;;;;;green
7d68d6df-35f6-4b81-a160-1e655f6e5fb3;2025-05-15T05:25:45.000Z;14:25;;RS;;;;;RS;;;;;RS;;;;;E;;;;;red
8d591a95-e7eb-4afd-ba2a-a260ec7b6554;2025-05-15T05:27:34.000Z;14:27;Yes;RS;;;;;RS;;;;;RS;;;;;E;;;;;green
436bf563-0c85-4759-b152-e859ec327088;2025-05-15T05:29:35.000Z;14:29;Yes;RS;;;;;RS;;;;;RS;;;;;E;;;;;green
3d03a54d-cec2-4479-8d8e-6bec75deb0eb;2025-05-15T05:31:56.000Z;14:31;;DS;;;;;M;;;;;RS;;;;;M;;;;;
12140fb7-bac2-4e9f-b097-165bc3de06b6;2025-05-15T05:33:46.000Z;14:33;;RS;;;;;M;;NY;;;E;;;;;RS;;NH;;;
15d924db-a3a0-4336-bd1a-a2e2f506b679;2025-05-15T05:35:34.000Z;14:35;;RS;;;;;RS;;;;;E;;;;;RS;;;;;
93918218-ab17-4b4b-b351-7968b8779d7d;2025-05-15T05:38:05.000Z;14:37;;RS;;;NH;;RS;;;MS;;E;;;;;RS;;;;;
82e90bc9-e79e-415c-88e7-3d38d1cafbe0;2025-05-15T05:39:40.000Z;14:39;;RS;;;;;RS;;;;;RS;;;;;RS;;;;;red
4e49eb91-3f42-4d43-b042-87b1c41e236a;2025-05-15T05:41:37.000Z;14:41;Yes;RS;;;;;RS;;;;;RS;;;;;RS;;;;;green
acbbd5c3-ba26-4559-ae41-7bf10d29d99b;2025-05-15T05:43:39.000Z;14:43;Yes;RS;;;;;RS;;;;;RS;;;;;RS;;;;;green
7166897a-8ffa-48de-bdd9-aa8c1a5214c8;2025-05-15T05:45:19.000Z;14:45;Yes;RS;;;;;RS;;;;;RS;;;;;RS;;;;;green
